-- MySQL Script generated by MySQL Workbench
-- Mon Jun 26 21:46:48 2023
-- Model: New Model    Version: 1.0
-- MySQL Workbench Forward Engineering

SET @OLD_UNIQUE_CHECKS=@@UNIQUE_CHECKS, UNIQUE_CHECKS=0;
SET @OLD_FOREIGN_KEY_CHECKS=@@FOREIGN_KEY_CHECKS, FOREIGN_KEY_CHECKS=0;
SET @OLD_SQL_MODE=@@SQL_MODE, SQL_MODE='ONLY_FULL_GROUP_BY,STRICT_TRANS_TABLES,NO_ZERO_IN_DATE,NO_ZERO_DATE,ERROR_FOR_DIVISION_BY_ZERO,NO_ENGINE_SUBSTITUTION';

-- -----------------------------------------------------
-- Schema enemdu
-- -----------------------------------------------------

-- -----------------------------------------------------
-- Schema enemdu
-- -----------------------------------------------------
-- CREATE SCHEMA IF NOT EXISTS `enemdu` DEFAULT CHARACTER SET utf8 ;
USE `enemdu` ;

-- -----------------------------------------------------
-- Table `enemdu`.`paredes`
-- -----------------------------------------------------
DROP TABLE IF EXISTS `enemdu`.`paredes` ;

CREATE TABLE IF NOT EXISTS `enemdu`.`paredes` (
  `id_pared` INT NOT NULL,
  `tipo_pared` VARCHAR(45) NULL,
  PRIMARY KEY (`id_pared`),
  UNIQUE INDEX `tipo_pared_UNIQUE` (`tipo_pared` ASC) VISIBLE)
ENGINE = InnoDB;


-- -----------------------------------------------------
-- Table `enemdu`.`techos`
-- -----------------------------------------------------
DROP TABLE IF EXISTS `enemdu`.`techos` ;

CREATE TABLE IF NOT EXISTS `enemdu`.`techos` (
  `id_techo` INT NOT NULL,
  `tipo_techo` VARCHAR(45) NOT NULL,
  PRIMARY KEY (`id_techo`))
ENGINE = InnoDB;
-- -----------------------------------------------------
-- Table `enemdu`.`techos`
-- -----------------------------------------------------
DROP TABLE IF EXISTS `enemdu`.`pisos` ;

CREATE TABLE IF NOT EXISTS `enemdu`.`pisos` (
  `id_piso` INT NOT NULL,
  `tipo_piso` VARCHAR(50) NOT NULL,
  PRIMARY KEY (`id_piso`))
ENGINE = InnoDB;
-- -----------------------------------------------------
-- Table `enemdu`.`vias_acceso`
-- -----------------------------------------------------
DROP TABLE IF EXISTS `enemdu`.`vias_acceso` ;

CREATE TABLE IF NOT EXISTS `enemdu`.`vias_acceso` (
  `id_viaAcceso` INT NOT NULL,
  `tipo_viaAcceso` VARCHAR(45) NOT NULL,
  PRIMARY KEY (`id_viaAcceso`))
ENGINE = InnoDB;


-- -----------------------------------------------------
-- Table `enemdu`.`tipos_vivienda`
-- -----------------------------------------------------
DROP TABLE IF EXISTS `enemdu`.`tipos_vivienda` ;

CREATE TABLE IF NOT EXISTS `enemdu`.`tipos_vivienda` (
  `id_tipo_vivienda` INT NOT NULL,
  `tipo_vivienda` VARCHAR(45) NOT NULL,
  PRIMARY KEY (`id_tipo_vivienda`))
ENGINE = InnoDB;


-- -----------------------------------------------------
-- Table `enemdu`.`vehiculos`
-- -----------------------------------------------------
DROP TABLE IF EXISTS `enemdu`.`vehiculos` ;

CREATE TABLE IF NOT EXISTS `enemdu`.`vehiculos` (
  `id_vehiculo` INT NOT NULL,
  `tipo_vehiculo` VARCHAR(25) NOT NULL,
  PRIMARY KEY (`id_vehiculo`))
ENGINE = InnoDB;


-- -----------------------------------------------------
-- Table `enemdu`.`tenenicia_vivienda`
-- -----------------------------------------------------
DROP TABLE IF EXISTS `enemdu`.`tenenicia_vivienda` ;

CREATE TABLE IF NOT EXISTS `enemdu`.`tenencia_vivienda` (
  `id_tenencia_vivienda` INT NOT NULL,
  `tipo_tenencia` VARCHAR(45) NOT NULL,
  PRIMARY KEY (`id_tenencia_vivienda`))
ENGINE = InnoDB;


-- -----------------------------------------------------
-- Table `enemdu`.`provincias`
-- -----------------------------------------------------
DROP TABLE IF EXISTS `enemdu`.`provincias` ;

CREATE TABLE IF NOT EXISTS `enemdu`.`provincias` (
  `id_provincia` VARCHAR(2) NOT NULL,
  `nombre_provincia` VARCHAR(20) NOT NULL,
  `poblacion_total` INT NOT NULL,
  `poblacion_hombres` INT NOT NULL,
  `poblacion_mujeres` INT NOT NULL,
  `internet_hogares` INT NOT NULL,
  `PEA` DOUBLE NOT NULL,
  `PEI` DOUBLE NOT NULL,
  `media_ingresos_laboral` DOUBLE NOT NULL,
  PRIMARY KEY (`id_provincia`))
ENGINE = InnoDB;


-- -----------------------------------------------------
-- Table `enemdu`.`cantones`
-- -----------------------------------------------------
DROP TABLE IF EXISTS `enemdu`.`cantones` ;

CREATE TABLE IF NOT EXISTS `enemdu`.`cantones` (
  `id_provincia` VARCHAR(2) NOT NULL,
  `id_canton` VARCHAR(4) NOT NULL,
  `nombre_canton` VARCHAR(50) NOT NULL,
  PRIMARY KEY (`id_canton`),
  INDEX `fk_cantones_provincias1_idx` (`id_provincia` ASC) VISIBLE,
  CONSTRAINT `fk_cantones_provincias1`
    FOREIGN KEY (`id_provincia`)
    REFERENCES `enemdu`.`provincias` (`id_provincia`)
    ON DELETE NO ACTION
    ON UPDATE NO ACTION)
ENGINE = InnoDB;


-- -----------------------------------------------------
-- Table `enemdu`.`ciudades`
-- -----------------------------------------------------
DROP TABLE IF EXISTS `enemdu`.`ciudades` ;

CREATE TABLE IF NOT EXISTS `enemdu`.`ciudades` (
  `cantones_id_canton` VARCHAR(4) NOT NULL,
  `id_ciudad` VARCHAR(6) NOT NULL,
  `nombre_ciudad` VARCHAR(45) NULL,
  PRIMARY KEY (`id_ciudad`),
  INDEX `fk_ciudades_cantones1_idx` (`cantones_id_canton` ASC) VISIBLE,
  CONSTRAINT `fk_ciudades_cantones1`
    FOREIGN KEY (`cantones_id_canton`)
    REFERENCES `enemdu`.`cantones` (`id_canton`)
    ON DELETE NO ACTION
    ON UPDATE NO ACTION)
ENGINE = InnoDB;


-- -----------------------------------------------------
-- Table `enemdu`.`viviendas`
-- -----------------------------------------------------
DROP TABLE IF EXISTS `enemdu`.`viviendas` ;

CREATE TABLE IF NOT EXISTS `enemdu`.`viviendas` (
  `id_vivienda` VARCHAR(30) NOT NULL,
  `id_viaAcceso` INT NOT NULL,
  `id_pared` INT NOT NULL,
   estado_pared ENUM('Bueno', 'Regular', 'Malo') NOT NULL,
  `id_tipo_vivienda` INT NOT NULL,
  `id_techo` INT NOT NULL,
  `estado_techo` ENUM('Bueno', 'Regular', 'Malo') NOT NULL,
  `id_piso` INT NOT NULL,
  `estado_piso` ENUM('Bueno', 'Regular', 'Malo')NOT NULL ,
  `tipo_tenencia_vivienda` INT NOT NULL,
   parentezco_propietario_viv ENUM('Si', 'No') NULL,
  `ubicacion_ciudad` VARCHAR(6) NOT NULL,
  `area` VARCHAR(10) NOT NULL,
  `conglomerado` INT NOT NULL,
  `panelm` VARCHAR(3) NOT NULL,
  `num_vivienda` INT NOT NULL,
  `estrato` INT NOT NULL,
  `fexp` DECIMAL NOT NULL,
  `upm` LONG NULL,
  `periodo` INT NOT NULL,
  `mes` INT NOT NULL,
  PRIMARY KEY (`id_vivienda`),
  INDEX `fk_viviendas_vias_acceso1_idx` (`id_viaAcceso` ASC) VISIBLE,
  INDEX `fk_viviendas_paredes1_idx` (`id_pared` ASC) VISIBLE,
  INDEX `fk_viviendas_tipos_vivienda1_idx` (`id_tipo_vivienda` ASC) VISIBLE,
  INDEX `fk_viviendas_techos1_idx` (`id_techo` ASC) VISIBLE,
  INDEX `fk_viviendas_pisos1_idx` (`id_piso` ASC) VISIBLE,
  INDEX `fk_viviendas_tenencia_vivienda1_idx` (`tipo_tenencia_vivienda` ASC) VISIBLE,
  INDEX `fk_viviendas_ciudades1_idx` (`ubicacion_ciudad` ASC) VISIBLE,
  CONSTRAINT `fk_viviendas_vias_acceso1`
    FOREIGN KEY (`id_viaAcceso`)
    REFERENCES `enemdu`.`vias_acceso` (`id_viaAcceso`)
    ON DELETE NO ACTION
    ON UPDATE NO ACTION,
  CONSTRAINT `fk_viviendas_paredes1`
    FOREIGN KEY (`id_pared`)
    REFERENCES `enemdu`.`paredes` (`id_pared`)
    ON DELETE NO ACTION
    ON UPDATE NO ACTION,
  CONSTRAINT `fk_viviendas_tipos_vivienda1`
    FOREIGN KEY (`id_tipo_vivienda`)
    REFERENCES `enemdu`.`tipos_vivienda` (`id_tipo_vivienda`)
    ON DELETE NO ACTION
    ON UPDATE NO ACTION,
  CONSTRAINT `fk_viviendas_techos1`
    FOREIGN KEY (`id_techo`)
    REFERENCES `enemdu`.`techos` (`id_techo`)
    ON DELETE NO ACTION
    ON UPDATE NO ACTION,
  CONSTRAINT `fk_viviendas_pisos1`
    FOREIGN KEY (`id_piso`)
    REFERENCES `enemdu`.`pisos` (`id_piso`)
    ON DELETE NO ACTION
    ON UPDATE NO ACTION,
  CONSTRAINT `fk_viviendas_tenencia_vivienda1`
    FOREIGN KEY (`tipo_tenencia_vivienda`)
    REFERENCES `enemdu`.`tenencia_vivienda` (`id_tenencia_vivienda`)
    ON DELETE NO ACTION
    ON UPDATE NO ACTION,
  CONSTRAINT `fk_viviendas_ciudades1`
    FOREIGN KEY (`ubicacion_ciudad`)
    REFERENCES `enemdu`.`ciudades` (`id_ciudad`)
    ON DELETE NO ACTION
    ON UPDATE NO ACTION)
ENGINE = InnoDB;


-- -----------------------------------------------------
-- Table `enemdu`.`registro_vehiculos`
-- -----------------------------------------------------
DROP TABLE IF EXISTS `enemdu`.`registro_vehiculos` ;

create table registro_vehiculos (
    id_hogar    VARCHAR(30) NOT NULL,
    id_vehiculo INT        NOT NULL,
    cantidad    INT        NOT NULL,
    PRIMARY KEY (id_hogar, id_vehiculo),
    CONSTRAINT registro_vehiculos_ibfk_1
        FOREIGN KEY (id_hogar) REFERENCES hogares (id_hogar),
    CONSTRAINT registro_vehiculos_ibfk_2
        FOREIGN KEY (id_vehiculo) REFERENCES vehiculos (id_vehiculo)
)ENGINE = InnoDB;

CREATE INDEX id_vehiculo
    ON registro_vehiculos (id_vehiculo);

-- -----------------------------------------------------
-- Table `enemdu`.`materiales_cocinar`
-- -----------------------------------------------------
DROP TABLE IF EXISTS `enemdu`.`materiales_cocinar` ;

CREATE TABLE IF NOT EXISTS `enemdu`.`materiales_cocinar` (
  `id_material` INT NOT NULL,
  `tipo_material` VARCHAR(15) NOT NULL,
  PRIMARY KEY (`id_material`))
ENGINE = InnoDB;


-- -----------------------------------------------------
-- Table `enemdu`.`hogares`
-- -----------------------------------------------------
DROP TABLE IF EXISTS `enemdu`.`hogares` ;

CREATE TABLE IF NOT EXISTS `enemdu`.`hogares` (
  `id_hogar` VARCHAR(30) NOT NULL,
  `id_vivienda` VARCHAR(30) NOT NULL,
  num_hogar INT NOT NULL,
  `material_cocinar` INT NOT NULL,
  `cuartos` INT NOT NULL,
  `dormitorios` INT NOT NULL,
  `cuartos_cocina` INT NOT NULL,
  `cuartos_negocio` INT NOT NULL,
  PRIMARY KEY (`id_hogar`),
  INDEX `fk_hogares_viviendas1_idx` (`id_vivienda` ASC) VISIBLE,
  INDEX `fk_hogares_materiales1_idx` (`material_cocinar` ASC) VISIBLE,
  CONSTRAINT `fk_hogares_viviendas1`
    FOREIGN KEY (`id_vivienda`)
    REFERENCES `enemdu`.`viviendas` (`id_vivienda`)
    ON DELETE NO ACTION
    ON UPDATE NO ACTION,
  CONSTRAINT `fk_hogares_materiales1`
    FOREIGN KEY (`material_cocinar`)
    REFERENCES `enemdu`.`materiales_cocinar` (`id_material`)
    ON DELETE NO ACTION
    ON UPDATE NO ACTION)
ENGINE = InnoDB;


-- -----------------------------------------------------
-- Table `enemdu`.`combustibles`
-- -----------------------------------------------------
DROP TABLE IF EXISTS `enemdu`.`combustibles` ;

CREATE TABLE IF NOT EXISTS `enemdu`.`combustibles` (
  `id_combustible` INT NOT NULL,
  `tipo_combustible` VARCHAR(45) NOT NULL,
  PRIMARY KEY (`id_combustible`))
ENGINE = InnoDB;


-- -----------------------------------------------------
-- Table `enemdu`.`registro_consumo_combustibles`
-- -----------------------------------------------------
DROP TABLE IF EXISTS `enemdu`.`registro_consumo_combustibles` ;

CREATE TABLE IF NOT EXISTS `enemdu`.`registro_consumo_combustibles` (
  id_hogar VARCHAR(30) NOT NULL,
  `id_combustible` INT NOT NULL,
  `valor` FLOAT NULL,
  PRIMARY KEY (`id_hogar`,id_combustible),
  INDEX `fk_registro_consumo_combustible_hogares1_idx` (`id_hogar` ASC) VISIBLE,
  INDEX `fk_registro_consumo_combustible_combustibles1_idx` (`id_combustible` ASC) VISIBLE,
  CONSTRAINT `fk_registro_consumo_combustible_hogares1`
    FOREIGN KEY (`id_hogar`)
    REFERENCES `enemdu`.`hogares` (`id_hogar`)
    ON DELETE NO ACTION
    ON UPDATE NO ACTION,
  CONSTRAINT `fk_registro_consumo_combustible_combustibles1`
    FOREIGN KEY (`id_combustible`)
    REFERENCES `enemdu`.`combustibles` (`id_combustible`)
    ON DELETE NO ACTION
    ON UPDATE NO ACTION)
ENGINE = InnoDB;


-- -----------------------------------------------------
-- Table `enemdu`.`arriendos`
-- -----------------------------------------------------
DROP TABLE IF EXISTS `enemdu`.`arriendos` ;

CREATE TABLE IF NOT EXISTS `enemdu`.`arriendos` (
  `id_hogar` VARCHAR(30) NOT NULL,
  `valor` FLOAT NULL,
  `incluye_agua` VARCHAR(2) NULL,
  `incluye_luz` VARCHAR(2) NULL,
  PRIMARY KEY (`id_hogar`),
  INDEX `fk_arriendos_hogares1_idx` (`id_hogar` ASC) VISIBLE,
  CONSTRAINT `fk_arriendos_hogares1`
    FOREIGN KEY (`id_hogar`)
    REFERENCES `enemdu`.`hogares` (`id_hogar`)
    ON DELETE NO ACTION
    ON UPDATE NO ACTION)
ENGINE = InnoDB;


-- -----------------------------------------------------
-- Table `enemdu`.`eliminacion_basura`
-- -----------------------------------------------------
DROP TABLE IF EXISTS `enemdu`.`eliminacion_basura` ;

CREATE TABLE IF NOT EXISTS `enemdu`.`eliminacion_basura` (
  `id_eliminacion_basura` INT NOT NULL,
  `tipo_eliminacion` VARCHAR(45) NULL,
  PRIMARY KEY (`id_eliminacion_basura`))
ENGINE = InnoDB;


-- -----------------------------------------------------
-- Table `enemdu`.`alumbrados`
-- -----------------------------------------------------
DROP TABLE IF EXISTS `enemdu`.`alumbrados` ;

CREATE TABLE IF NOT EXISTS `enemdu`.`alumbrados` (
  `id_alumbrado` INT NOT NULL,
  `tipo_alumbrado` VARCHAR(60) NULL,
  PRIMARY KEY (`id_alumbrado`))
ENGINE = InnoDB;


-- -----------------------------------------------------
-- Table `enemdu`.`canales_agua`
-- -----------------------------------------------------
DROP TABLE IF EXISTS `enemdu`.`canales_agua` ;

CREATE TABLE IF NOT EXISTS `enemdu`.`canales_agua` (
  `id_canal` INT NOT NULL,
  `tipo_canal` VARCHAR(60) NULL,
  PRIMARY KEY (`id_canal`))
ENGINE = InnoDB;


-- -----------------------------------------------------
-- Table `enemdu`.`servicios_basicos`
-- -----------------------------------------------------
DROP TABLE IF EXISTS `enemdu`.`servicios_basicos` ;

CREATE TABLE IF NOT EXISTS `enemdu`.`servicios_basicos` (
  `id_hogar` VARCHAR(30) NOT NULL,
  `medidor_agua` VARCHAR(2) NULL,
  `id_eliminacion_basura` INT NOT NULL,
  `id_alumbrado` INT NOT NULL,
  `id_canal_agua` INT NOT NULL,
  INDEX `fk_servicios_basicos_hogares1_idx` (`id_hogar` ASC) VISIBLE,
  PRIMARY KEY (`id_hogar`),
  INDEX `fk_servicios_basicos_eliminacion_basura1_idx` (`id_eliminacion_basura` ASC) VISIBLE,
  INDEX `fk_servicios_basicos_alumbrados1_idx` (`id_alumbrado` ASC) VISIBLE,
  INDEX `fk_servicios_basicos_canales_agua1_idx` (`id_canal_agua` ASC) VISIBLE,
  CONSTRAINT `fk_servicios_basicos_hogares1`
    FOREIGN KEY (`id_hogar`)
    REFERENCES `enemdu`.`hogares` (`id_hogar`)
    ON DELETE NO ACTION
    ON UPDATE NO ACTION,
  CONSTRAINT `fk_servicios_basicos_eliminacion_basura1`
    FOREIGN KEY (`id_eliminacion_basura`)
    REFERENCES `enemdu`.`eliminacion_basura` (`id_eliminacion_basura`)
    ON DELETE NO ACTION
    ON UPDATE NO ACTION,
  CONSTRAINT `fk_servicios_basicos_alumbrados1`
    FOREIGN KEY (`id_alumbrado`)
    REFERENCES `enemdu`.`alumbrados` (`id_alumbrado`)
    ON DELETE NO ACTION
    ON UPDATE NO ACTION,
  CONSTRAINT `fk_servicios_basicos_canales_agua1`
    FOREIGN KEY (`id_canal_agua`)
    REFERENCES `enemdu`.`canales_agua` (`id_canal`)
    ON DELETE NO ACTION
    ON UPDATE NO ACTION)
ENGINE = InnoDB;


-- -----------------------------------------------------
-- Table `enemdu`.`duchas`
-- -----------------------------------------------------
DROP TABLE IF EXISTS `enemdu`.`duchas` ;

CREATE TABLE IF NOT EXISTS `enemdu`.`duchas` (
  `id_ducha` INT NOT NULL,
  `tipo_ducha` VARCHAR(40) NULL,
  PRIMARY KEY (`id_ducha`))
ENGINE = InnoDB;


-- -----------------------------------------------------
-- Table `enemdu`.`origen_agua`
-- -----------------------------------------------------
DROP TABLE IF EXISTS `enemdu`.`origen_agua` ;

CREATE TABLE IF NOT EXISTS `enemdu`.`origen_agua` (
  `id_origen_agua` INT NOT NULL,
  `tipo_origen_agua` VARCHAR(30) NULL,
  PRIMARY KEY (`id_origen_agua`))
ENGINE = InnoDB;


-- -----------------------------------------------------
-- Table `enemdu`.`servicios_higienicos`
-- -----------------------------------------------------
DROP TABLE IF EXISTS `enemdu`.`servicios_higienicos` ;

CREATE TABLE IF NOT EXISTS `enemdu`.`servicios_higienicos` (
  `id_servicios_higienicos` INT NOT NULL,
  `tipo_servicio` VARCHAR(30) NULL,
  PRIMARY KEY (`id_servicios_higienicos`))
ENGINE = InnoDB;


-- -----------------------------------------------------
-- Table `enemdu`.`servicio_higienico_prestado`
-- -----------------------------------------------------
DROP TABLE IF EXISTS `enemdu`.`servicio_higienico_prestado` ;

CREATE TABLE IF NOT EXISTS `enemdu`.`servicio_higienico_prestado` (
  `id_prestamos` INT NOT NULL,
  `tipo_servicio` VARCHAR(30) NULL,
  PRIMARY KEY (`id_prestamos`))
ENGINE = InnoDB;


-- -----------------------------------------------------
-- Table `enemdu`.`remplazo_servicio_higienico`
-- -----------------------------------------------------
DROP TABLE IF EXISTS `enemdu`.`remplazo_servicio_higienico` ;

CREATE TABLE IF NOT EXISTS `enemdu`.`remplazo_servicio_higienico` (
  `id_remplazoSH` INT NOT NULL,
  `tipo_servicio` VARCHAR(55) NULL,
  PRIMARY KEY (`id_remplazoSH`))
ENGINE = InnoDB;


-- -----------------------------------------------------
-- Table `enemdu`.`higiene_viviendas`
-- -----------------------------------------------------
DROP TABLE IF EXISTS `enemdu`.`higiene_hogares` ;

CREATE TABLE IF NOT EXISTS `enemdu`.`higiene_hogares` (
  `id_hogar` VARCHAR(30) NOT NULL,
  `id_ducha` INT NOT NULL,
  `junta_agua` VARCHAR(2) NULL,
  `id_origen_agua` INT NOT NULL,
  `id_servicios_higienicos` INT NOT NULL,
  `id_prestamoSH` INT NULL,
  `id_remplazoSH` INT NULL,
  PRIMARY KEY (`id_hogar`),
  INDEX `fk_higiene_hogares_hogares1_idx` (`id_hogar` ASC) VISIBLE,
  INDEX `fk_higiene_hogares_duchas1_idx` (`id_ducha` ASC) VISIBLE,
  INDEX `fk_higiene_hogares_origen_agua1_idx` (`id_origen_agua` ASC) VISIBLE,
  INDEX `fk_higiene_hogares_servicios_higienicos1_idx` (`id_servicios_higienicos` ASC) VISIBLE,
  INDEX `fk_higiene_hogares_servicio_higienico_prestado1_idx` (`id_prestamoSH` ASC) VISIBLE,
  INDEX `fk_higiene_hogares_remplazo_servicio_higienico1_idx` (`id_remplazoSH` ASC) VISIBLE,
  CONSTRAINT `fk_higiene_hogares_hogares1`
    FOREIGN KEY (`id_hogar`)
    REFERENCES `enemdu`.`hogares` (`id_hogar`)
    ON DELETE NO ACTION
    ON UPDATE NO ACTION,
  CONSTRAINT `fk_higiene_hogares_duchas1`
    FOREIGN KEY (`id_ducha`)
    REFERENCES `enemdu`.`duchas` (`id_ducha`)
    ON DELETE NO ACTION
    ON UPDATE NO ACTION,
  CONSTRAINT `fk_higiene_hogares_origen_agua1`
    FOREIGN KEY (`id_origen_agua`)
    REFERENCES `enemdu`.`origen_agua` (`id_origen_agua`)
    ON DELETE NO ACTION
    ON UPDATE NO ACTION,
  CONSTRAINT `fk_higiene_hogares_servicios_higienicos1`
    FOREIGN KEY (`id_servicios_higienicos`)
    REFERENCES `enemdu`.`servicios_higienicos` (`id_servicios_higienicos`)
    ON DELETE NO ACTION
    ON UPDATE NO ACTION,
  CONSTRAINT `fk_higiene_hogares_servicio_higienico_prestado1`
    FOREIGN KEY (`id_prestamoSH`)
    REFERENCES `enemdu`.`servicio_higienico_prestado` (`id_prestamos`)
    ON DELETE NO ACTION
    ON UPDATE NO ACTION,
  CONSTRAINT `fk_higiene_hogares_remplazo_servicio_higienico1`
    FOREIGN KEY (`id_remplazoSH`)
    REFERENCES `enemdu`.`remplazo_servicio_higienico` (`id_remplazoSH`)
    ON DELETE NO ACTION
    ON UPDATE NO ACTION)
ENGINE = InnoDB;


SET SQL_MODE=@OLD_SQL_MODE;
SET FOREIGN_KEY_CHECKS=@OLD_FOREIGN_KEY_CHECKS;
SET UNIQUE_CHECKS=@OLD_UNIQUE_CHECKS;

-- Inserts Tabla PROVINCIAS
INSERT INTO `enemdu`.`provincias` VALUES ('01','Azuay',712127,337044,375083,23274,456100,176500,518.9);
INSERT INTO `enemdu`.`provincias` VALUES ('02','Bolivar',183641,89875,93766,1932,114400,56700,365);
INSERT INTO `enemdu`.`provincias` VALUES ('03','Cañar',225184,105235,119949,3848,164400,58300,440.4);
INSERT INTO `enemdu`.`provincias` VALUES ('04','Carchi',164524,81155,83369,2333,92300,54800,447.1);
INSERT INTO `enemdu`.`provincias` VALUES ('05','Cotopaxi',409205,198625,210580,5137,320900,58900,390.1);
INSERT INTO `enemdu`.`provincias` VALUES ('06','Chimborazo',458581,219401,239180,8394,322500,71400,345.3);
INSERT INTO `enemdu`.`provincias` VALUES ('07','El Oro',600659,296297,304362,19417,355500,177700,447.3);
INSERT INTO `enemdu`.`provincias` VALUES ('08','Esmeraldas',534092,271312,262780,10503,250100,187800,365);
INSERT INTO `enemdu`.`provincias` VALUES ('09','Guayas',3645483,1815914,1829569,133641,1900000,1200000,464.5);
INSERT INTO `enemdu`.`provincias` VALUES ('10','Imbabura',398244,193664,204580,9738,236100,139800,424.1);
INSERT INTO `enemdu`.`provincias` VALUES ('11','Loja',448966,220794,228172,11252,297200,11700,418.5);
INSERT INTO `enemdu`.`provincias` VALUES ('12','Los Rios',778115,398099,380016,10082,419600,262700,384.9);
INSERT INTO `enemdu`.`provincias` VALUES ('13','Manabi',1369780,689299,680481,24552,701600,475800,390.9);
INSERT INTO `enemdu`.`provincias` VALUES ('14','Morona Santiago',147940,74849,73091,1563,94800,15600,314.8);
INSERT INTO `enemdu`.`provincias` VALUES ('15','Napo',103697,52774,50923,2117,72100,10600,320);
INSERT INTO `enemdu`.`provincias` VALUES ('16','Pastaza',83933,42260,41673,1779,58200,6382,321.5);
INSERT INTO `enemdu`.`provincias` VALUES ('17','Pichincha',2576287,1255711,1320576,190920,1600000,896400,612.6);
INSERT INTO `enemdu`.`provincias` VALUES ('18','Tungurahua',504583,244783,259800,14061,362900,91700,439.9);
INSERT INTO `enemdu`.`provincias` VALUES ('19','Zamora Chinchipe',91376,47452,43924,1289,61800,19500,452.9);
INSERT INTO `enemdu`.`provincias` VALUES ('20','Galápagos',25124,13021,12103,1326,17400,6901,1229);
INSERT INTO `enemdu`.`provincias` VALUES ('21','Sucumbíos',176472,92848,83624,2786,92600,39600,387.2);
INSERT INTO `enemdu`.`provincias` VALUES ('22','Orellana',136396,72130,64266,2162,89300,10500,373.6);
INSERT INTO `enemdu`.`provincias` VALUES ('23','Santo Domingo',368013,183058,184955,8631,225400,140800,445.1);
INSERT INTO `enemdu`.`provincias` VALUES ('24','Santa Elena',308693,156862,151831,5524,160700,117700,375.5);



INSERT INTO `enemdu`.`cantones` VALUES ('01','0101','Cuenca');
INSERT INTO `enemdu`.`cantones` VALUES ('01', '0102', 'Girón');
INSERT INTO `enemdu`.`cantones` VALUES ('01', '0103', 'Gualaceo');
INSERT INTO `enemdu`.`cantones` VALUES ('01', '0104', 'Nabón');
INSERT INTO `enemdu`.`cantones` VALUES ('01', '0105', 'Paute');
INSERT INTO `enemdu`.`cantones` VALUES ('01', '0106', 'Pucará');
INSERT INTO `enemdu`.`cantones` VALUES ('01', '0107', 'San Fernando');
INSERT INTO `enemdu`.`cantones` VALUES ('01', '0108', 'Santa Isabel');
INSERT INTO `enemdu`.`cantones` VALUES ('01', '0109', 'Sígsig');
INSERT INTO `enemdu`.`cantones` VALUES ('01', '0110', 'Oña');
INSERT INTO `enemdu`.`cantones` VALUES ('01', '0111', 'Chordeleg');
INSERT INTO `enemdu`.`cantones` VALUES ('01', '0112', 'El Pan');
INSERT INTO `enemdu`.`cantones` VALUES ('01', '0113', 'Sevilla de Oro');
INSERT INTO `enemdu`.`cantones` VALUES ('01', '0114', 'Guachapala');
INSERT INTO `enemdu`.`cantones` VALUES ('01', '0115', 'Camilo Ponce Enríquez');
INSERT INTO `enemdu`.`cantones` VALUES ('02', '0201', 'Guaranda');
INSERT INTO `enemdu`.`cantones` VALUES ('02', '0202', 'Chillanes');
INSERT INTO `enemdu`.`cantones` VALUES ('02', '0203', 'Chimbo');
INSERT INTO `enemdu`.`cantones` VALUES ('02', '0204', 'Echeandía');
INSERT INTO `enemdu`.`cantones` VALUES ('02', '0205', 'San Miguel');
INSERT INTO `enemdu`.`cantones` VALUES ('02', '0206', 'Caluma');
INSERT INTO `enemdu`.`cantones` VALUES ('02', '0207', 'Las Naves');
INSERT INTO `enemdu`.`cantones` VALUES ('03', '0301', 'Azogues');
INSERT INTO `enemdu`.`cantones` VALUES ('03', '0302', 'Biblián');
INSERT INTO `enemdu`.`cantones` VALUES ('03', '0303', 'Cañar');
INSERT INTO `enemdu`.`cantones` VALUES ('03', '0304', 'La Troncal');
INSERT INTO `enemdu`.`cantones` VALUES ('03', '0305', 'El Tambo');
INSERT INTO `enemdu`.`cantones` VALUES ('03', '0306', 'Déleg');
INSERT INTO `enemdu`.`cantones` VALUES ('03', '0307', 'Suscal');
INSERT INTO `enemdu`.`cantones` VALUES ('04', '0401', 'Tulcán');
INSERT INTO `enemdu`.`cantones` VALUES ('04', '0402', 'Bolívar');
INSERT INTO `enemdu`.`cantones` VALUES ('04', '0403', 'Espejo');
INSERT INTO `enemdu`.`cantones` VALUES ('04', '0404', 'Mira');
INSERT INTO `enemdu`.`cantones` VALUES ('04', '0405', 'Montúfar');
INSERT INTO `enemdu`.`cantones` VALUES ('04', '0406', 'San Pedro de Huaca');
INSERT INTO `enemdu`.`cantones` VALUES ('05', '0501', 'Latacunga');
INSERT INTO `enemdu`.`cantones` VALUES ('05', '0502', 'La Maná');
INSERT INTO `enemdu`.`cantones` VALUES ('05', '0503', 'Pangua');
INSERT INTO `enemdu`.`cantones` VALUES ('05', '0504', 'Pujilí');
INSERT INTO `enemdu`.`cantones` VALUES ('05', '0505', 'Salcedo');
INSERT INTO `enemdu`.`cantones` VALUES ('05', '0506', 'Saquisilí');
INSERT INTO `enemdu`.`cantones` VALUES ('05', '0507', 'Sigchos');
INSERT INTO `enemdu`.`cantones` VALUES ('06', '0601', 'Riobamba');
INSERT INTO `enemdu`.`cantones` VALUES ('06', '0602', 'Alausí');
INSERT INTO `enemdu`.`cantones` VALUES ('06', '0603', 'Colta');
INSERT INTO `enemdu`.`cantones` VALUES ('06', '0604', 'Chambo');
INSERT INTO `enemdu`.`cantones` VALUES ('06', '0605', 'Chunchi');
INSERT INTO `enemdu`.`cantones` VALUES ('06', '0606', 'Guamote');
INSERT INTO `enemdu`.`cantones` VALUES ('06', '0607', 'Guano');
INSERT INTO `enemdu`.`cantones` VALUES ('06', '0608', 'Pallatanga');
INSERT INTO `enemdu`.`cantones` VALUES ('06', '0609', 'Penipe');
INSERT INTO `enemdu`.`cantones` VALUES ('06', '0610', 'Cumandá');
INSERT INTO `enemdu`.`cantones` VALUES ('07', '0701', 'Machala');
INSERT INTO `enemdu`.`cantones` VALUES ('07', '0702', 'Arenillas');
INSERT INTO `enemdu`.`cantones` VALUES ('07', '0703', 'Atahualpa');
INSERT INTO `enemdu`.`cantones` VALUES ('07', '0704', 'Balsas');
INSERT INTO `enemdu`.`cantones` VALUES ('07', '0705', 'Chilla');
INSERT INTO `enemdu`.`cantones` VALUES ('07', '0706', 'El Guabo');
INSERT INTO `enemdu`.`cantones` VALUES ('07', '0707', 'Huaquillas');
INSERT INTO `enemdu`.`cantones` VALUES ('07', '0708', 'Marcabelí');
INSERT INTO `enemdu`.`cantones` VALUES ('07', '0709', 'Pasaje');
INSERT INTO `enemdu`.`cantones` VALUES ('07', '0710', 'Piñas');
INSERT INTO `enemdu`.`cantones` VALUES ('07', '0711', 'Portovelo');
INSERT INTO `enemdu`.`cantones` VALUES ('07', '0712', 'Santa Rosa');
INSERT INTO `enemdu`.`cantones` VALUES ('07', '0713', 'Zaruma');
INSERT INTO `enemdu`.`cantones` VALUES ('07', '0714', 'Las Lajas');
INSERT INTO `enemdu`.`cantones` VALUES ('08', '0801', 'Esmeraldas');
INSERT INTO `enemdu`.`cantones` VALUES ('08', '0802', 'Eloy Alfaro');
INSERT INTO `enemdu`.`cantones` VALUES ('08', '0803', 'Muisne');
INSERT INTO `enemdu`.`cantones` VALUES ('08', '0804', 'Quinindé');
INSERT INTO `enemdu`.`cantones` VALUES ('08', '0805', 'San Lorenzo');
INSERT INTO `enemdu`.`cantones` VALUES ('08', '0806', 'Atacames');
INSERT INTO `enemdu`.`cantones` VALUES ('08', '0807', 'Riovérde');
INSERT INTO `enemdu`.`cantones` VALUES ('09', '0901', 'Guayaquil');
INSERT INTO `enemdu`.`cantones` VALUES ('09', '0902', 'Alfredo Baquerizo Moreno (Juján)');
INSERT INTO `enemdu`.`cantones` VALUES ('09', '0903', 'Balao');
INSERT INTO `enemdu`.`cantones` VALUES ('09', '0904', 'Balzar');
INSERT INTO `enemdu`.`cantones` VALUES ('09', '0905', 'Colimes');
INSERT INTO `enemdu`.`cantones` VALUES ('09', '0906', 'Daule');
INSERT INTO `enemdu`.`cantones` VALUES ('09', '0907', 'Durán');
INSERT INTO `enemdu`.`cantones` VALUES ('09', '0908', 'El Empalme');
INSERT INTO `enemdu`.`cantones` VALUES ('09', '0909', 'El Triunfo');
INSERT INTO `enemdu`.`cantones` VALUES ('09', '0910', 'Milagro');
INSERT INTO `enemdu`.`cantones` VALUES ('09', '0911', 'Naranjal');
INSERT INTO `enemdu`.`cantones` VALUES ('09', '0912', 'Naranjito');
INSERT INTO `enemdu`.`cantones` VALUES ('09', '0913', 'Palestina');
INSERT INTO `enemdu`.`cantones` VALUES ('09', '0914', 'Pedro Carbo');
INSERT INTO `enemdu`.`cantones` VALUES ('09', '0916', 'Samborondón');
INSERT INTO `enemdu`.`cantones` VALUES ('09', '0918', 'Santa Lucía');
INSERT INTO `enemdu`.`cantones` VALUES ('09', '0919', 'Salitre');
INSERT INTO `enemdu`.`cantones` VALUES ('09', '0920', 'San Jacinto de Yaguachi');
INSERT INTO `enemdu`.`cantones` VALUES ('09', '0921', 'Playas');
INSERT INTO `enemdu`.`cantones` VALUES ('09', '0922', 'Simón Bolívar');
INSERT INTO `enemdu`.`cantones` VALUES ('09', '0923', 'Coronel Marcelino Maridueña');
INSERT INTO `enemdu`.`cantones` VALUES ('09', '0924', 'Lomas de Sargentillo');
INSERT INTO `enemdu`.`cantones` VALUES ('09', '0925', 'Nobol');
INSERT INTO `enemdu`.`cantones` VALUES ('09', '0927', 'General Antonio Elizalde');
INSERT INTO `enemdu`.`cantones` VALUES ('09', '0928', 'Isidro Ayora');
INSERT INTO `enemdu`.`cantones` VALUES ('10', '1001', 'Ibarra');
INSERT INTO `enemdu`.`cantones` VALUES ('10', '1002', 'Antonio Ante');
INSERT INTO `enemdu`.`cantones` VALUES ('10', '1003', 'Cotacachi');
INSERT INTO `enemdu`.`cantones` VALUES ('10', '1004', 'Otavalo');
INSERT INTO `enemdu`.`cantones` VALUES ('10', '1005', 'Pimampiro');
INSERT INTO `enemdu`.`cantones` VALUES ('10', '1006', 'San Miguel de Urcuquí');
INSERT INTO `enemdu`.`cantones` VALUES ('11', '1101', 'Loja');
INSERT INTO `enemdu`.`cantones` VALUES ('11', '1102', 'Calvas');
INSERT INTO `enemdu`.`cantones` VALUES ('11', '1103', 'Catamayo');
INSERT INTO `enemdu`.`cantones` VALUES ('11', '1104', 'Celica');
INSERT INTO `enemdu`.`cantones` VALUES ('11', '1105', 'Chaguarpamba');
INSERT INTO `enemdu`.`cantones` VALUES ('11','1106','Espíndola');
INSERT INTO `enemdu`.`cantones` VALUES ('11','1107','Gonzanamá');
INSERT INTO `enemdu`.`cantones` VALUES ('11','1108','Macará');
INSERT INTO `enemdu`.`cantones` VALUES ('11','1109','Paltas');
INSERT INTO `enemdu`.`cantones` VALUES ('11','1110','Puyango');
INSERT INTO `enemdu`.`cantones` VALUES ('11','1111','Saraguro');
INSERT INTO `enemdu`.`cantones` VALUES ('11','1112','Sozoranga');
INSERT INTO `enemdu`.`cantones` VALUES ('11','1113','Zapotillo');
INSERT INTO `enemdu`.`cantones` VALUES ('11','1114','Pindal');
INSERT INTO `enemdu`.`cantones` VALUES ('11','1115','Quilanga');
INSERT INTO `enemdu`.`cantones` VALUES ('11','1116','Olmedo');
INSERT INTO `enemdu`.`cantones` VALUES ('12','1201','Babahoyo');
INSERT INTO `enemdu`.`cantones` VALUES ('12','1202','Baba');
INSERT INTO `enemdu`.`cantones` VALUES ('12','1203','Montalvo');
INSERT INTO `enemdu`.`cantones` VALUES ('12','1204','Puebloviejo');
INSERT INTO `enemdu`.`cantones` VALUES ('12','1205','Quevedo');
INSERT INTO `enemdu`.`cantones` VALUES ('12','1206','Urdaneta');
INSERT INTO `enemdu`.`cantones` VALUES ('12','1207','Ventanas');
INSERT INTO `enemdu`.`cantones` VALUES ('12','1208','Vinces');
INSERT INTO `enemdu`.`cantones` VALUES ('12','1209','Palenque');
INSERT INTO `enemdu`.`cantones` VALUES ('12','1210','Buena Fe');
INSERT INTO `enemdu`.`cantones` VALUES ('12','1211','Valencia');
INSERT INTO `enemdu`.`cantones` VALUES ('12','1212','Mocache');
INSERT INTO `enemdu`.`cantones` VALUES ('12','1213','Quinsaloma');
INSERT INTO `enemdu`.`cantones` VALUES ('13','1301','Portoviejo');
INSERT INTO `enemdu`.`cantones` VALUES ('13','1302','Bolívar');
INSERT INTO `enemdu`.`cantones` VALUES ('13','1303','Chone');
INSERT INTO `enemdu`.`cantones` VALUES ('13','1304','El Carmen');
INSERT INTO `enemdu`.`cantones` VALUES ('13','1305','Flavio Alfaro');
INSERT INTO `enemdu`.`cantones` VALUES ('13','1306','Jipijapa');
INSERT INTO `enemdu`.`cantones` VALUES ('13','1307','Junín');
INSERT INTO `enemdu`.`cantones` VALUES ('13','1308','Manta');
INSERT INTO `enemdu`.`cantones` VALUES ('13','1309','Montecristi');
INSERT INTO `enemdu`.`cantones` VALUES ('13','1310','Paján');
INSERT INTO `enemdu`.`cantones` VALUES ('13','1311','Pichincha');
INSERT INTO `enemdu`.`cantones` VALUES ('13','1312','Rocafuerte');
INSERT INTO `enemdu`.`cantones` VALUES ('13','1313','Santa Ana');
INSERT INTO `enemdu`.`cantones` VALUES ('13','1314','Sucre');
INSERT INTO `enemdu`.`cantones` VALUES ('13','1315','Tosagua');
INSERT INTO `enemdu`.`cantones` VALUES ('13','1316','24 de Mayo');
INSERT INTO `enemdu`.`cantones` VALUES ('13','1317','Pedernales');
INSERT INTO `enemdu`.`cantones` VALUES ('13','1318','Olmedo');
INSERT INTO `enemdu`.`cantones` VALUES ('13','1319','Puerto López');
INSERT INTO `enemdu`.`cantones` VALUES ('13','1320','Jama');
INSERT INTO `enemdu`.`cantones` VALUES ('13','1321','Jaramijó');
INSERT INTO `enemdu`.`cantones` VALUES ('13','1322','San Vicente');
INSERT INTO `enemdu`.`cantones` VALUES ('14','1401','Morona');
INSERT INTO `enemdu`.`cantones` VALUES ('14','1402','Gualaquiza');
INSERT INTO `enemdu`.`cantones` VALUES ('14','1403','Limón Indanza');
INSERT INTO `enemdu`.`cantones` VALUES ('14','1404','Palora');
INSERT INTO `enemdu`.`cantones` VALUES ('14','1405','Santiago');
INSERT INTO `enemdu`.`cantones` VALUES ('14','1406','Sucúa');
INSERT INTO `enemdu`.`cantones` VALUES ('14','1407','Huamboya');
INSERT INTO `enemdu`.`cantones` VALUES ('14','1408','San Juan Bosco');
INSERT INTO `enemdu`.`cantones` VALUES ('14','1409','Taisha');
INSERT INTO `enemdu`.`cantones` VALUES ('14','1410','Logroño');
INSERT INTO `enemdu`.`cantones` VALUES ('14','1411','Pablo Sexto');
INSERT INTO `enemdu`.`cantones` VALUES ('14','1412','Tiwinza');
INSERT INTO `enemdu`.`cantones` VALUES ('15','1501','Tena');
INSERT INTO `enemdu`.`cantones` VALUES ('15','1503','Archidona');
INSERT INTO `enemdu`.`cantones` VALUES ('15','1504','El Chaco');
INSERT INTO `enemdu`.`cantones` VALUES ('15','1507','Quijos');
INSERT INTO `enemdu`.`cantones` VALUES ('15','1509','Carlos Julio Arosemena Tola');
INSERT INTO `enemdu`.`cantones` VALUES ('16','1601','Pastaza');
INSERT INTO `enemdu`.`cantones` VALUES ('16','1602','Mera');
INSERT INTO `enemdu`.`cantones` VALUES ('16','1603','Santa Clara');
INSERT INTO `enemdu`.`cantones` VALUES ('16','1604','Arajuno');
INSERT INTO `enemdu`.`cantones` VALUES ('17','1701','Distrito Metropolitano de Quito');
INSERT INTO `enemdu`.`cantones` VALUES ('17','1702','Cayambe');
INSERT INTO `enemdu`.`cantones` VALUES ('17','1703','Mejía');
INSERT INTO `enemdu`.`cantones` VALUES ('17','1704','Pedro Moncayo');
INSERT INTO `enemdu`.`cantones` VALUES ('17','1705','Rumiñahui');
INSERT INTO `enemdu`.`cantones` VALUES ('17','1707','San Miguel de los Bancos');
INSERT INTO `enemdu`.`cantones` VALUES ('17','1708','Pedro Vicente Maldonado');
INSERT INTO `enemdu`.`cantones` VALUES ('17','1709','Puerto Quito');
INSERT INTO `enemdu`.`cantones` VALUES ('18','1801','Ambato');
INSERT INTO `enemdu`.`cantones` VALUES ('18','1802','Baños de Agua Santa');
INSERT INTO `enemdu`.`cantones` VALUES ('18','1803','Cevallos');
INSERT INTO `enemdu`.`cantones` VALUES ('18','1804','Mocha');
INSERT INTO `enemdu`.`cantones` VALUES ('18','1805','Patate');
INSERT INTO `enemdu`.`cantones` VALUES ('18','1806','Quero');
INSERT INTO `enemdu`.`cantones` VALUES ('18','1807','San Pedro de Pelileo');
INSERT INTO `enemdu`.`cantones` VALUES ('18','1808','Santiago de Píllaro');
INSERT INTO `enemdu`.`cantones` VALUES ('18','1809','Tisaleo');
INSERT INTO `enemdu`.`cantones` VALUES ('19','1901','Zamora');
INSERT INTO `enemdu`.`cantones` VALUES ('19','1902','Chinchipe');
INSERT INTO `enemdu`.`cantones` VALUES ('19','1903','Nangaritza');
INSERT INTO `enemdu`.`cantones` VALUES ('19','1904','Yacuambi');
INSERT INTO `enemdu`.`cantones` VALUES ('19','1905','Yantzaza');
INSERT INTO `enemdu`.`cantones` VALUES ('19','1906','El Pangui');
INSERT INTO `enemdu`.`cantones` VALUES ('19','1907','Centinela del Cóndor');
INSERT INTO `enemdu`.`cantones` VALUES ('19','1908','Palanda');
INSERT INTO `enemdu`.`cantones` VALUES ('19','1909','Paquisha');
INSERT INTO `enemdu`.`cantones` VALUES ('20','2001','San Cristóbal');
INSERT INTO `enemdu`.`cantones` VALUES ('20','2002','Isabela');
INSERT INTO `enemdu`.`cantones` VALUES ('20','2003','Santa Cruz');
INSERT INTO `enemdu`.`cantones` VALUES ('21','2101','Lago Agrio');
INSERT INTO `enemdu`.`cantones` VALUES ('21','2102','Gonzalo Pizarro');
INSERT INTO `enemdu`.`cantones` VALUES ('21','2103','Putumayo');
INSERT INTO `enemdu`.`cantones` VALUES ('21','2104','Shushufindi');
INSERT INTO `enemdu`.`cantones` VALUES ('21','2105','Sucumbíos');
INSERT INTO `enemdu`.`cantones` VALUES ('21','2106','Cascales');
INSERT INTO `enemdu`.`cantones` VALUES ('21','2107','Cuyabeno');
INSERT INTO `enemdu`.`cantones` VALUES ('22','2201','Francisco de Orellana');
INSERT INTO `enemdu`.`cantones` VALUES ('22','2202','Aguarico');
INSERT INTO `enemdu`.`cantones` VALUES ('22','2203','La Joya de los Sachas');
INSERT INTO `enemdu`.`cantones` VALUES ('22','2204','Loreto');
INSERT INTO `enemdu`.`cantones` VALUES ('23','2301','Santo Domingo');
INSERT INTO `enemdu`.`cantones` VALUES ('23','2302','La Concordia');
INSERT INTO `enemdu`.`cantones` VALUES ('24','2401','Santa Elena');
INSERT INTO `enemdu`.`cantones` VALUES ('24','2402','La Libertad');
INSERT INTO `enemdu`.`cantones` VALUES ('24','2403','Salinas');

-- INSERT TABLA CIUDADES

INSERT INTO enemdu.ciudades (cantones_id_canton, id_ciudad, nombre_ciudad) VALUES ('0101', '10150', 'CUENCA');
INSERT INTO enemdu.ciudades (cantones_id_canton, id_ciudad, nombre_ciudad) VALUES ('0101', '10151', 'CUENCA');
INSERT INTO enemdu.ciudades (cantones_id_canton, id_ciudad, nombre_ciudad) VALUES ('0101', '10152', 'CUENCA');
INSERT INTO enemdu.ciudades (cantones_id_canton, id_ciudad, nombre_ciudad) VALUES ('0101', '10153', 'CUENCA');
INSERT INTO enemdu.ciudades (cantones_id_canton, id_ciudad, nombre_ciudad) VALUES ('0101', '10154', 'CUENCA');
INSERT INTO enemdu.ciudades (cantones_id_canton, id_ciudad, nombre_ciudad) VALUES ('0101', '10155', 'CUENCA');
INSERT INTO enemdu.ciudades (cantones_id_canton, id_ciudad, nombre_ciudad) VALUES ('0101', '10156', 'CUENCA');
INSERT INTO enemdu.ciudades (cantones_id_canton, id_ciudad, nombre_ciudad) VALUES ('0101', '10157', 'CUENCA');
INSERT INTO enemdu.ciudades (cantones_id_canton, id_ciudad, nombre_ciudad) VALUES ('0101', '10158', 'CUENCA');
INSERT INTO enemdu.ciudades (cantones_id_canton, id_ciudad, nombre_ciudad) VALUES ('0101', '10159', 'CUENCA');
INSERT INTO enemdu.ciudades (cantones_id_canton, id_ciudad, nombre_ciudad) VALUES ('0101', '10160', 'CUENCA');
INSERT INTO enemdu.ciudades (cantones_id_canton, id_ciudad, nombre_ciudad) VALUES ('0101', '10161', 'CUENCA');
INSERT INTO enemdu.ciudades (cantones_id_canton, id_ciudad, nombre_ciudad) VALUES ('0101', '10162', 'CUENCA');
INSERT INTO enemdu.ciudades (cantones_id_canton, id_ciudad, nombre_ciudad) VALUES ('0101', '10163', 'CUENCA');
INSERT INTO enemdu.ciudades (cantones_id_canton, id_ciudad, nombre_ciudad) VALUES ('0101', '10164', 'CUENCA');
INSERT INTO enemdu.ciudades (cantones_id_canton, id_ciudad, nombre_ciudad) VALUES ('0101', '10165', 'CUENCA');
INSERT INTO enemdu.ciudades (cantones_id_canton, id_ciudad, nombre_ciudad) VALUES ('0101', '10166', 'CUENCA');
INSERT INTO enemdu.ciudades (cantones_id_canton, id_ciudad, nombre_ciudad) VALUES ('0101', '10167', 'CUENCA');
INSERT INTO enemdu.ciudades (cantones_id_canton, id_ciudad, nombre_ciudad) VALUES ('0101', '10168', 'CUENCA');
INSERT INTO enemdu.ciudades (cantones_id_canton, id_ciudad, nombre_ciudad) VALUES ('0101', '10169', 'CUENCA');
INSERT INTO enemdu.ciudades (cantones_id_canton, id_ciudad, nombre_ciudad) VALUES ('0101', '10170', 'CUENCA');
INSERT INTO enemdu.ciudades (cantones_id_canton, id_ciudad, nombre_ciudad) VALUES ('0101', '10171', 'CUENCA');
INSERT INTO enemdu.ciudades (cantones_id_canton, id_ciudad, nombre_ciudad) VALUES ('0102', '10250', 'GIRÓN');
INSERT INTO enemdu.ciudades (cantones_id_canton, id_ciudad, nombre_ciudad) VALUES ('0102', '10251', 'GIRÓN');
INSERT INTO enemdu.ciudades (cantones_id_canton, id_ciudad, nombre_ciudad) VALUES ('0102', '10252', 'GIRÓN');
INSERT INTO enemdu.ciudades (cantones_id_canton, id_ciudad, nombre_ciudad) VALUES ('0103', '10350', 'GUALACEO');
INSERT INTO enemdu.ciudades (cantones_id_canton, id_ciudad, nombre_ciudad) VALUES ('0103', '10352', 'GUALACEO');
INSERT INTO enemdu.ciudades (cantones_id_canton, id_ciudad, nombre_ciudad) VALUES ('0103', '10353', 'GUALACEO');
INSERT INTO enemdu.ciudades (cantones_id_canton, id_ciudad, nombre_ciudad) VALUES ('0103', '10354', 'GUALACEO');
INSERT INTO enemdu.ciudades (cantones_id_canton, id_ciudad, nombre_ciudad) VALUES ('0103', '10356', 'GUALACEO');
INSERT INTO enemdu.ciudades (cantones_id_canton, id_ciudad, nombre_ciudad) VALUES ('0103', '10357', 'GUALACEO');
INSERT INTO enemdu.ciudades (cantones_id_canton, id_ciudad, nombre_ciudad) VALUES ('0103', '10358', 'GUALACEO');
INSERT INTO enemdu.ciudades (cantones_id_canton, id_ciudad, nombre_ciudad) VALUES ('0103', '10359', 'GUALACEO');
INSERT INTO enemdu.ciudades (cantones_id_canton, id_ciudad, nombre_ciudad) VALUES ('0103', '10360', 'GUALACEO');
INSERT INTO enemdu.ciudades (cantones_id_canton, id_ciudad, nombre_ciudad) VALUES ('0104', '10450', 'NABÓN');
INSERT INTO enemdu.ciudades (cantones_id_canton, id_ciudad, nombre_ciudad) VALUES ('0104', '10451', 'NABÓN');
INSERT INTO enemdu.ciudades (cantones_id_canton, id_ciudad, nombre_ciudad) VALUES ('0104', '10452', 'NABÓN');
INSERT INTO enemdu.ciudades (cantones_id_canton, id_ciudad, nombre_ciudad) VALUES ('0104', '10453', 'NABÓN');
INSERT INTO enemdu.ciudades (cantones_id_canton, id_ciudad, nombre_ciudad) VALUES ('0105', '10550', 'PAUTE');
INSERT INTO enemdu.ciudades (cantones_id_canton, id_ciudad, nombre_ciudad) VALUES ('0105', '10552', 'PAUTE');
INSERT INTO enemdu.ciudades (cantones_id_canton, id_ciudad, nombre_ciudad) VALUES ('0105', '10553', 'PAUTE');
INSERT INTO enemdu.ciudades (cantones_id_canton, id_ciudad, nombre_ciudad) VALUES ('0105', '10554', 'PAUTE');
INSERT INTO enemdu.ciudades (cantones_id_canton, id_ciudad, nombre_ciudad) VALUES ('0105', '10556', 'PAUTE');
INSERT INTO enemdu.ciudades (cantones_id_canton, id_ciudad, nombre_ciudad) VALUES ('0105', '10559', 'PAUTE');
INSERT INTO enemdu.ciudades (cantones_id_canton, id_ciudad, nombre_ciudad) VALUES ('0105', '10561', 'PAUTE');
INSERT INTO enemdu.ciudades (cantones_id_canton, id_ciudad, nombre_ciudad) VALUES ('0105', '10562', 'PAUTE');
INSERT INTO enemdu.ciudades (cantones_id_canton, id_ciudad, nombre_ciudad) VALUES ('0106', '10650', 'PUCARÁ');
INSERT INTO enemdu.ciudades (cantones_id_canton, id_ciudad, nombre_ciudad) VALUES ('0106', '10652', 'PUCARÁ');
INSERT INTO enemdu.ciudades (cantones_id_canton, id_ciudad, nombre_ciudad) VALUES ('0107', '10750', 'SAN FERNANDO');
INSERT INTO enemdu.ciudades (cantones_id_canton, id_ciudad, nombre_ciudad) VALUES ('0107', '10751', 'SAN FERNANDO');
INSERT INTO enemdu.ciudades (cantones_id_canton, id_ciudad, nombre_ciudad) VALUES ('0108', '10850', 'SANTA ISABEL');
INSERT INTO enemdu.ciudades (cantones_id_canton, id_ciudad, nombre_ciudad) VALUES ('0108', '10851', 'SANTA ISABEL');
INSERT INTO enemdu.ciudades (cantones_id_canton, id_ciudad, nombre_ciudad) VALUES ('0108', '10852', 'SANTA ISABEL');
INSERT INTO enemdu.ciudades (cantones_id_canton, id_ciudad, nombre_ciudad) VALUES ('0108', '10853', 'SANTA ISABEL');
INSERT INTO enemdu.ciudades (cantones_id_canton, id_ciudad, nombre_ciudad) VALUES ('0108', '10854', 'SANTA ISABEL');
INSERT INTO enemdu.ciudades (cantones_id_canton, id_ciudad, nombre_ciudad) VALUES ('0109', '10950', 'SÍGSIG');
INSERT INTO enemdu.ciudades (cantones_id_canton, id_ciudad, nombre_ciudad) VALUES ('0109', '10951', 'SÍGSIG');
INSERT INTO enemdu.ciudades (cantones_id_canton, id_ciudad, nombre_ciudad) VALUES ('0109', '10952', 'SÍGSIG');
INSERT INTO enemdu.ciudades (cantones_id_canton, id_ciudad, nombre_ciudad) VALUES ('0109', '10953', 'SÍGSIG');
INSERT INTO enemdu.ciudades (cantones_id_canton, id_ciudad, nombre_ciudad) VALUES ('0109', '10954', 'SÍGSIG');
INSERT INTO enemdu.ciudades (cantones_id_canton, id_ciudad, nombre_ciudad) VALUES ('0109', '10955', 'SÍGSIG');
INSERT INTO enemdu.ciudades (cantones_id_canton, id_ciudad, nombre_ciudad) VALUES ('0109', '10956', 'SÍGSIG');
INSERT INTO enemdu.ciudades (cantones_id_canton, id_ciudad, nombre_ciudad) VALUES ('0110', '11050', 'OÑA');
INSERT INTO enemdu.ciudades (cantones_id_canton, id_ciudad, nombre_ciudad) VALUES ('0110', '11051', 'OÑA');
INSERT INTO enemdu.ciudades (cantones_id_canton, id_ciudad, nombre_ciudad) VALUES ('0111', '11150', 'CHORDELEG');
INSERT INTO enemdu.ciudades (cantones_id_canton, id_ciudad, nombre_ciudad) VALUES ('0111', '11151', 'CHORDELEG');
INSERT INTO enemdu.ciudades (cantones_id_canton, id_ciudad, nombre_ciudad) VALUES ('0111', '11152', 'CHORDELEG');
INSERT INTO enemdu.ciudades (cantones_id_canton, id_ciudad, nombre_ciudad) VALUES ('0111', '11153', 'CHORDELEG');
INSERT INTO enemdu.ciudades (cantones_id_canton, id_ciudad, nombre_ciudad) VALUES ('0111', '11154', 'CHORDELEG');
INSERT INTO enemdu.ciudades (cantones_id_canton, id_ciudad, nombre_ciudad) VALUES ('0112', '11250', 'EL PAN');
INSERT INTO enemdu.ciudades (cantones_id_canton, id_ciudad, nombre_ciudad) VALUES ('0112', '11253', 'EL PAN');
INSERT INTO enemdu.ciudades (cantones_id_canton, id_ciudad, nombre_ciudad) VALUES ('0113', '11350', 'SEVILLA DE ORO');
INSERT INTO enemdu.ciudades (cantones_id_canton, id_ciudad, nombre_ciudad) VALUES ('0113', '11351', 'SEVILLA DE ORO');
INSERT INTO enemdu.ciudades (cantones_id_canton, id_ciudad, nombre_ciudad) VALUES ('0113', '11352', 'SEVILLA DE ORO');
INSERT INTO enemdu.ciudades (cantones_id_canton, id_ciudad, nombre_ciudad) VALUES ('0114', '11450', 'GUACHAPALA');
INSERT INTO enemdu.ciudades (cantones_id_canton, id_ciudad, nombre_ciudad) VALUES ('0115', '11550', 'CAMILO PONCE ENRÍQUEZ');
INSERT INTO enemdu.ciudades (cantones_id_canton, id_ciudad, nombre_ciudad) VALUES ('0201', '20150', 'GUARANDA');
INSERT INTO enemdu.ciudades (cantones_id_canton, id_ciudad, nombre_ciudad) VALUES ('0201', '20151', 'GUARANDA');
INSERT INTO enemdu.ciudades (cantones_id_canton, id_ciudad, nombre_ciudad) VALUES ('0201', '20153', 'GUARANDA');
INSERT INTO enemdu.ciudades (cantones_id_canton, id_ciudad, nombre_ciudad) VALUES ('0201', '20155', 'GUARANDA');
INSERT INTO enemdu.ciudades (cantones_id_canton, id_ciudad, nombre_ciudad) VALUES ('0201', '20156', 'GUARANDA');
INSERT INTO enemdu.ciudades (cantones_id_canton, id_ciudad, nombre_ciudad) VALUES ('0201', '20157', 'GUARANDA');
INSERT INTO enemdu.ciudades (cantones_id_canton, id_ciudad, nombre_ciudad) VALUES ('0201', '20158', 'GUARANDA');
INSERT INTO enemdu.ciudades (cantones_id_canton, id_ciudad, nombre_ciudad) VALUES ('0201', '20159', 'GUARANDA');
INSERT INTO enemdu.ciudades (cantones_id_canton, id_ciudad, nombre_ciudad) VALUES ('0201', '20160', 'GUARANDA');
INSERT INTO enemdu.ciudades (cantones_id_canton, id_ciudad, nombre_ciudad) VALUES ('0202', '20250', 'CHILLANES');
INSERT INTO enemdu.ciudades (cantones_id_canton, id_ciudad, nombre_ciudad) VALUES ('0202', '20251', 'CHILLANES');
INSERT INTO enemdu.ciudades (cantones_id_canton, id_ciudad, nombre_ciudad) VALUES ('0203', '20350', 'CHIMBO');
INSERT INTO enemdu.ciudades (cantones_id_canton, id_ciudad, nombre_ciudad) VALUES ('0203', '20351', 'CHIMBO');
INSERT INTO enemdu.ciudades (cantones_id_canton, id_ciudad, nombre_ciudad) VALUES ('0203', '20353', 'CHIMBO');
INSERT INTO enemdu.ciudades (cantones_id_canton, id_ciudad, nombre_ciudad) VALUES ('0203', '20354', 'CHIMBO');
INSERT INTO enemdu.ciudades (cantones_id_canton, id_ciudad, nombre_ciudad) VALUES ('0203', '20355', 'CHIMBO');
INSERT INTO enemdu.ciudades (cantones_id_canton, id_ciudad, nombre_ciudad) VALUES ('0204', '20450', 'ECHEANDÍA');
INSERT INTO enemdu.ciudades (cantones_id_canton, id_ciudad, nombre_ciudad) VALUES ('0205', '20550', 'SAN MIGUEL');
INSERT INTO enemdu.ciudades (cantones_id_canton, id_ciudad, nombre_ciudad) VALUES ('0205', '20551', 'SAN MIGUEL');
INSERT INTO enemdu.ciudades (cantones_id_canton, id_ciudad, nombre_ciudad) VALUES ('0205', '20552', 'SAN MIGUEL');
INSERT INTO enemdu.ciudades (cantones_id_canton, id_ciudad, nombre_ciudad) VALUES ('0205', '20553', 'SAN MIGUEL');
INSERT INTO enemdu.ciudades (cantones_id_canton, id_ciudad, nombre_ciudad) VALUES ('0205', '20554', 'SAN MIGUEL');
INSERT INTO enemdu.ciudades (cantones_id_canton, id_ciudad, nombre_ciudad) VALUES ('0205', '20555', 'SAN MIGUEL');
INSERT INTO enemdu.ciudades (cantones_id_canton, id_ciudad, nombre_ciudad) VALUES ('0205', '20556', 'SAN MIGUEL');
INSERT INTO enemdu.ciudades (cantones_id_canton, id_ciudad, nombre_ciudad) VALUES ('0206', '20650', 'CALUMA');
INSERT INTO enemdu.ciudades (cantones_id_canton, id_ciudad, nombre_ciudad) VALUES ('0207', '20750', 'LAS NAVES');
INSERT INTO enemdu.ciudades (cantones_id_canton, id_ciudad, nombre_ciudad) VALUES ('0301', '30150', 'AZOGUES');
INSERT INTO enemdu.ciudades (cantones_id_canton, id_ciudad, nombre_ciudad) VALUES ('0301', '30151', 'AZOGUES');
INSERT INTO enemdu.ciudades (cantones_id_canton, id_ciudad, nombre_ciudad) VALUES ('0301', '30153', 'AZOGUES');
INSERT INTO enemdu.ciudades (cantones_id_canton, id_ciudad, nombre_ciudad) VALUES ('0301', '30154', 'AZOGUES');
INSERT INTO enemdu.ciudades (cantones_id_canton, id_ciudad, nombre_ciudad) VALUES ('0301', '30155', 'AZOGUES');
INSERT INTO enemdu.ciudades (cantones_id_canton, id_ciudad, nombre_ciudad) VALUES ('0301', '30156', 'AZOGUES');
INSERT INTO enemdu.ciudades (cantones_id_canton, id_ciudad, nombre_ciudad) VALUES ('0301', '30157', 'AZOGUES');
INSERT INTO enemdu.ciudades (cantones_id_canton, id_ciudad, nombre_ciudad) VALUES ('0301', '30158', 'AZOGUES');
INSERT INTO enemdu.ciudades (cantones_id_canton, id_ciudad, nombre_ciudad) VALUES ('0301', '30160', 'AZOGUES');
INSERT INTO enemdu.ciudades (cantones_id_canton, id_ciudad, nombre_ciudad) VALUES ('0302', '30250', 'BIBLIÁN');
INSERT INTO enemdu.ciudades (cantones_id_canton, id_ciudad, nombre_ciudad) VALUES ('0302', '30251', 'BIBLIÁN');
INSERT INTO enemdu.ciudades (cantones_id_canton, id_ciudad, nombre_ciudad) VALUES ('0302', '30252', 'BIBLIÁN');
INSERT INTO enemdu.ciudades (cantones_id_canton, id_ciudad, nombre_ciudad) VALUES ('0302', '30253', 'BIBLIÁN');
INSERT INTO enemdu.ciudades (cantones_id_canton, id_ciudad, nombre_ciudad) VALUES ('0302', '30254', 'BIBLIÁN');
INSERT INTO enemdu.ciudades (cantones_id_canton, id_ciudad, nombre_ciudad) VALUES ('0303', '30350', 'CAÑAR');
INSERT INTO enemdu.ciudades (cantones_id_canton, id_ciudad, nombre_ciudad) VALUES ('0303', '30351', 'CAÑAR');
INSERT INTO enemdu.ciudades (cantones_id_canton, id_ciudad, nombre_ciudad) VALUES ('0303', '30352', 'CAÑAR');
INSERT INTO enemdu.ciudades (cantones_id_canton, id_ciudad, nombre_ciudad) VALUES ('0303', '30353', 'CAÑAR');
INSERT INTO enemdu.ciudades (cantones_id_canton, id_ciudad, nombre_ciudad) VALUES ('0303', '30354', 'CAÑAR');
INSERT INTO enemdu.ciudades (cantones_id_canton, id_ciudad, nombre_ciudad) VALUES ('0303', '30355', 'CAÑAR');
INSERT INTO enemdu.ciudades (cantones_id_canton, id_ciudad, nombre_ciudad) VALUES ('0303', '30356', 'CAÑAR');
INSERT INTO enemdu.ciudades (cantones_id_canton, id_ciudad, nombre_ciudad) VALUES ('0303', '30357', 'CAÑAR');
INSERT INTO enemdu.ciudades (cantones_id_canton, id_ciudad, nombre_ciudad) VALUES ('0303', '30358', 'CAÑAR');
INSERT INTO enemdu.ciudades (cantones_id_canton, id_ciudad, nombre_ciudad) VALUES ('0303', '30361', 'CAÑAR');
INSERT INTO enemdu.ciudades (cantones_id_canton, id_ciudad, nombre_ciudad) VALUES ('0303', '30362', 'CAÑAR');
INSERT INTO enemdu.ciudades (cantones_id_canton, id_ciudad, nombre_ciudad) VALUES ('0303', '30363', 'CAÑAR');
INSERT INTO enemdu.ciudades (cantones_id_canton, id_ciudad, nombre_ciudad) VALUES ('0304', '30450', 'LA TRONCAL');
INSERT INTO enemdu.ciudades (cantones_id_canton, id_ciudad, nombre_ciudad) VALUES ('0304', '30451', 'LA TRONCAL');
INSERT INTO enemdu.ciudades (cantones_id_canton, id_ciudad, nombre_ciudad) VALUES ('0304', '30452', 'LA TRONCAL');
INSERT INTO enemdu.ciudades (cantones_id_canton, id_ciudad, nombre_ciudad) VALUES ('0305', '30550', 'EL TAMBO');
INSERT INTO enemdu.ciudades (cantones_id_canton, id_ciudad, nombre_ciudad) VALUES ('0306', '30650', 'DÉLEG');
INSERT INTO enemdu.ciudades (cantones_id_canton, id_ciudad, nombre_ciudad) VALUES ('0306', '30651', 'DÉLEG');
INSERT INTO enemdu.ciudades (cantones_id_canton, id_ciudad, nombre_ciudad) VALUES ('0307', '30750', 'SUSCAL');
INSERT INTO enemdu.ciudades (cantones_id_canton, id_ciudad, nombre_ciudad) VALUES ('0401', '40150', 'TULCÁN');
INSERT INTO enemdu.ciudades (cantones_id_canton, id_ciudad, nombre_ciudad) VALUES ('0401', '40151', 'TULCÁN');
INSERT INTO enemdu.ciudades (cantones_id_canton, id_ciudad, nombre_ciudad) VALUES ('0401', '40153', 'TULCÁN');
INSERT INTO enemdu.ciudades (cantones_id_canton, id_ciudad, nombre_ciudad) VALUES ('0401', '40154', 'TULCÁN');
INSERT INTO enemdu.ciudades (cantones_id_canton, id_ciudad, nombre_ciudad) VALUES ('0401', '40155', 'TULCÁN');
INSERT INTO enemdu.ciudades (cantones_id_canton, id_ciudad, nombre_ciudad) VALUES ('0401', '40156', 'TULCÁN');
INSERT INTO enemdu.ciudades (cantones_id_canton, id_ciudad, nombre_ciudad) VALUES ('0401', '40157', 'TULCÁN');
INSERT INTO enemdu.ciudades (cantones_id_canton, id_ciudad, nombre_ciudad) VALUES ('0401', '40158', 'TULCÁN');
INSERT INTO enemdu.ciudades (cantones_id_canton, id_ciudad, nombre_ciudad) VALUES ('0401', '40159', 'TULCÁN');
INSERT INTO enemdu.ciudades (cantones_id_canton, id_ciudad, nombre_ciudad) VALUES ('0401', '40161', 'TULCÁN');
INSERT INTO enemdu.ciudades (cantones_id_canton, id_ciudad, nombre_ciudad) VALUES ('0402', '40250', 'BOLÍVAR');
INSERT INTO enemdu.ciudades (cantones_id_canton, id_ciudad, nombre_ciudad) VALUES ('0402', '40251', 'BOLÍVAR');
INSERT INTO enemdu.ciudades (cantones_id_canton, id_ciudad, nombre_ciudad) VALUES ('0402', '40252', 'BOLÍVAR');
INSERT INTO enemdu.ciudades (cantones_id_canton, id_ciudad, nombre_ciudad) VALUES ('0402', '40253', 'BOLÍVAR');
INSERT INTO enemdu.ciudades (cantones_id_canton, id_ciudad, nombre_ciudad) VALUES ('0402', '40254', 'BOLÍVAR');
INSERT INTO enemdu.ciudades (cantones_id_canton, id_ciudad, nombre_ciudad) VALUES ('0402', '40255', 'BOLÍVAR');
INSERT INTO enemdu.ciudades (cantones_id_canton, id_ciudad, nombre_ciudad) VALUES ('0403', '40350', 'ESPEJO');
INSERT INTO enemdu.ciudades (cantones_id_canton, id_ciudad, nombre_ciudad) VALUES ('0403', '40351', 'ESPEJO');
INSERT INTO enemdu.ciudades (cantones_id_canton, id_ciudad, nombre_ciudad) VALUES ('0403', '40352', 'ESPEJO');
INSERT INTO enemdu.ciudades (cantones_id_canton, id_ciudad, nombre_ciudad) VALUES ('0403', '40353', 'ESPEJO');
INSERT INTO enemdu.ciudades (cantones_id_canton, id_ciudad, nombre_ciudad) VALUES ('0404', '40450', 'MIRA');
INSERT INTO enemdu.ciudades (cantones_id_canton, id_ciudad, nombre_ciudad) VALUES ('0404', '40451', 'MIRA');
INSERT INTO enemdu.ciudades (cantones_id_canton, id_ciudad, nombre_ciudad) VALUES ('0404', '40452', 'MIRA');
INSERT INTO enemdu.ciudades (cantones_id_canton, id_ciudad, nombre_ciudad) VALUES ('0404', '40453', 'MIRA');
INSERT INTO enemdu.ciudades (cantones_id_canton, id_ciudad, nombre_ciudad) VALUES ('0405', '40550', 'MONTÚFAR');
INSERT INTO enemdu.ciudades (cantones_id_canton, id_ciudad, nombre_ciudad) VALUES ('0405', '40551', 'MONTÚFAR');
INSERT INTO enemdu.ciudades (cantones_id_canton, id_ciudad, nombre_ciudad) VALUES ('0405', '40552', 'MONTÚFAR');
INSERT INTO enemdu.ciudades (cantones_id_canton, id_ciudad, nombre_ciudad) VALUES ('0405', '40553', 'MONTÚFAR');
INSERT INTO enemdu.ciudades (cantones_id_canton, id_ciudad, nombre_ciudad) VALUES ('0405', '40554', 'MONTÚFAR');
INSERT INTO enemdu.ciudades (cantones_id_canton, id_ciudad, nombre_ciudad) VALUES ('0405', '40555', 'MONTÚFAR');
INSERT INTO enemdu.ciudades (cantones_id_canton, id_ciudad, nombre_ciudad) VALUES ('0406', '40650', 'SAN PEDRO DE HUACA');
INSERT INTO enemdu.ciudades (cantones_id_canton, id_ciudad, nombre_ciudad) VALUES ('0406', '40651', 'SAN PEDRO DE HUACA');
INSERT INTO enemdu.ciudades (cantones_id_canton, id_ciudad, nombre_ciudad) VALUES ('0501', '50150', 'LATACUNGA');
INSERT INTO enemdu.ciudades (cantones_id_canton, id_ciudad, nombre_ciudad) VALUES ('0501', '50151', 'LATACUNGA');
INSERT INTO enemdu.ciudades (cantones_id_canton, id_ciudad, nombre_ciudad) VALUES ('0501', '50152', 'LATACUNGA');
INSERT INTO enemdu.ciudades (cantones_id_canton, id_ciudad, nombre_ciudad) VALUES ('0501', '50153', 'LATACUNGA');
INSERT INTO enemdu.ciudades (cantones_id_canton, id_ciudad, nombre_ciudad) VALUES ('0501', '50154', 'LATACUNGA');
INSERT INTO enemdu.ciudades (cantones_id_canton, id_ciudad, nombre_ciudad) VALUES ('0501', '50156', 'LATACUNGA');
INSERT INTO enemdu.ciudades (cantones_id_canton, id_ciudad, nombre_ciudad) VALUES ('0501', '50157', 'LATACUNGA');
INSERT INTO enemdu.ciudades (cantones_id_canton, id_ciudad, nombre_ciudad) VALUES ('0501', '50158', 'LATACUNGA');
INSERT INTO enemdu.ciudades (cantones_id_canton, id_ciudad, nombre_ciudad) VALUES ('0501', '50159', 'LATACUNGA');
INSERT INTO enemdu.ciudades (cantones_id_canton, id_ciudad, nombre_ciudad) VALUES ('0501', '50161', 'LATACUNGA');
INSERT INTO enemdu.ciudades (cantones_id_canton, id_ciudad, nombre_ciudad) VALUES ('0501', '50162', 'LATACUNGA');
INSERT INTO enemdu.ciudades (cantones_id_canton, id_ciudad, nombre_ciudad) VALUES ('0502', '50250', 'LA MANÁ');
INSERT INTO enemdu.ciudades (cantones_id_canton, id_ciudad, nombre_ciudad) VALUES ('0502', '50251', 'LA MANÁ');
INSERT INTO enemdu.ciudades (cantones_id_canton, id_ciudad, nombre_ciudad) VALUES ('0502', '50252', 'LA MANÁ');
INSERT INTO enemdu.ciudades (cantones_id_canton, id_ciudad, nombre_ciudad) VALUES ('0503', '50350', 'PANGUA');
INSERT INTO enemdu.ciudades (cantones_id_canton, id_ciudad, nombre_ciudad) VALUES ('0503', '50351', 'PANGUA');
INSERT INTO enemdu.ciudades (cantones_id_canton, id_ciudad, nombre_ciudad) VALUES ('0503', '50352', 'PANGUA');
INSERT INTO enemdu.ciudades (cantones_id_canton, id_ciudad, nombre_ciudad) VALUES ('0503', '50353', 'PANGUA');
INSERT INTO enemdu.ciudades (cantones_id_canton, id_ciudad, nombre_ciudad) VALUES ('0504', '50450', 'PUJILÍ');
INSERT INTO enemdu.ciudades (cantones_id_canton, id_ciudad, nombre_ciudad) VALUES ('0504', '50451', 'PUJILÍ');
INSERT INTO enemdu.ciudades (cantones_id_canton, id_ciudad, nombre_ciudad) VALUES ('0504', '50453', 'PUJILÍ');
INSERT INTO enemdu.ciudades (cantones_id_canton, id_ciudad, nombre_ciudad) VALUES ('0504', '50455', 'PUJILÍ');
INSERT INTO enemdu.ciudades (cantones_id_canton, id_ciudad, nombre_ciudad) VALUES ('0504', '50456', 'PUJILÍ');
INSERT INTO enemdu.ciudades (cantones_id_canton, id_ciudad, nombre_ciudad) VALUES ('0504', '50457', 'PUJILÍ');
INSERT INTO enemdu.ciudades (cantones_id_canton, id_ciudad, nombre_ciudad) VALUES ('0504', '50458', 'PUJILÍ');
INSERT INTO enemdu.ciudades (cantones_id_canton, id_ciudad, nombre_ciudad) VALUES ('0505', '50550', 'SALCEDO');
INSERT INTO enemdu.ciudades (cantones_id_canton, id_ciudad, nombre_ciudad) VALUES ('0505', '50551', 'SALCEDO');
INSERT INTO enemdu.ciudades (cantones_id_canton, id_ciudad, nombre_ciudad) VALUES ('0505', '50552', 'SALCEDO');
INSERT INTO enemdu.ciudades (cantones_id_canton, id_ciudad, nombre_ciudad) VALUES ('0505', '50553', 'SALCEDO');
INSERT INTO enemdu.ciudades (cantones_id_canton, id_ciudad, nombre_ciudad) VALUES ('0505', '50554', 'SALCEDO');
INSERT INTO enemdu.ciudades (cantones_id_canton, id_ciudad, nombre_ciudad) VALUES ('0505', '50555', 'SALCEDO');
INSERT INTO enemdu.ciudades (cantones_id_canton, id_ciudad, nombre_ciudad) VALUES ('0506', '50650', 'SAQUISILÍ');
INSERT INTO enemdu.ciudades (cantones_id_canton, id_ciudad, nombre_ciudad) VALUES ('0506', '50651', 'SAQUISILÍ');
INSERT INTO enemdu.ciudades (cantones_id_canton, id_ciudad, nombre_ciudad) VALUES ('0506', '50652', 'SAQUISILÍ');
INSERT INTO enemdu.ciudades (cantones_id_canton, id_ciudad, nombre_ciudad) VALUES ('0506', '50653', 'SAQUISILÍ');
INSERT INTO enemdu.ciudades (cantones_id_canton, id_ciudad, nombre_ciudad) VALUES ('0507', '50750', 'SIGCHOS');
INSERT INTO enemdu.ciudades (cantones_id_canton, id_ciudad, nombre_ciudad) VALUES ('0507', '50751', 'SIGCHOS');
INSERT INTO enemdu.ciudades (cantones_id_canton, id_ciudad, nombre_ciudad) VALUES ('0507', '50752', 'SIGCHOS');
INSERT INTO enemdu.ciudades (cantones_id_canton, id_ciudad, nombre_ciudad) VALUES ('0507', '50753', 'SIGCHOS');
INSERT INTO enemdu.ciudades (cantones_id_canton, id_ciudad, nombre_ciudad) VALUES ('0507', '50754', 'SIGCHOS');
INSERT INTO enemdu.ciudades (cantones_id_canton, id_ciudad, nombre_ciudad) VALUES ('0601', '60150', 'RIOBAMBA');
INSERT INTO enemdu.ciudades (cantones_id_canton, id_ciudad, nombre_ciudad) VALUES ('0601', '60151', 'RIOBAMBA');
INSERT INTO enemdu.ciudades (cantones_id_canton, id_ciudad, nombre_ciudad) VALUES ('0601', '60152', 'RIOBAMBA');
INSERT INTO enemdu.ciudades (cantones_id_canton, id_ciudad, nombre_ciudad) VALUES ('0601', '60153', 'RIOBAMBA');
INSERT INTO enemdu.ciudades (cantones_id_canton, id_ciudad, nombre_ciudad) VALUES ('0601', '60154', 'RIOBAMBA');
INSERT INTO enemdu.ciudades (cantones_id_canton, id_ciudad, nombre_ciudad) VALUES ('0601', '60155', 'RIOBAMBA');
INSERT INTO enemdu.ciudades (cantones_id_canton, id_ciudad, nombre_ciudad) VALUES ('0601', '60156', 'RIOBAMBA');
INSERT INTO enemdu.ciudades (cantones_id_canton, id_ciudad, nombre_ciudad) VALUES ('0601', '60157', 'RIOBAMBA');
INSERT INTO enemdu.ciudades (cantones_id_canton, id_ciudad, nombre_ciudad) VALUES ('0601', '60158', 'RIOBAMBA');
INSERT INTO enemdu.ciudades (cantones_id_canton, id_ciudad, nombre_ciudad) VALUES ('0601', '60159', 'RIOBAMBA');
INSERT INTO enemdu.ciudades (cantones_id_canton, id_ciudad, nombre_ciudad) VALUES ('0601', '60160', 'RIOBAMBA');
INSERT INTO enemdu.ciudades (cantones_id_canton, id_ciudad, nombre_ciudad) VALUES ('0601', '60161', 'RIOBAMBA');
INSERT INTO enemdu.ciudades (cantones_id_canton, id_ciudad, nombre_ciudad) VALUES ('0602', '60250', 'ALAUSÍ');
INSERT INTO enemdu.ciudades (cantones_id_canton, id_ciudad, nombre_ciudad) VALUES ('0602', '60251', 'ALAUSÍ');
INSERT INTO enemdu.ciudades (cantones_id_canton, id_ciudad, nombre_ciudad) VALUES ('0602', '60253', 'ALAUSÍ');
INSERT INTO enemdu.ciudades (cantones_id_canton, id_ciudad, nombre_ciudad) VALUES ('0602', '60254', 'ALAUSÍ');
INSERT INTO enemdu.ciudades (cantones_id_canton, id_ciudad, nombre_ciudad) VALUES ('0602', '60255', 'ALAUSÍ');
INSERT INTO enemdu.ciudades (cantones_id_canton, id_ciudad, nombre_ciudad) VALUES ('0602', '60256', 'ALAUSÍ');
INSERT INTO enemdu.ciudades (cantones_id_canton, id_ciudad, nombre_ciudad) VALUES ('0602', '60257', 'ALAUSÍ');
INSERT INTO enemdu.ciudades (cantones_id_canton, id_ciudad, nombre_ciudad) VALUES ('0602', '60258', 'ALAUSÍ');
INSERT INTO enemdu.ciudades (cantones_id_canton, id_ciudad, nombre_ciudad) VALUES ('0602', '60259', 'ALAUSÍ');
INSERT INTO enemdu.ciudades (cantones_id_canton, id_ciudad, nombre_ciudad) VALUES ('0602', '60260', 'ALAUSÍ');
INSERT INTO enemdu.ciudades (cantones_id_canton, id_ciudad, nombre_ciudad) VALUES ('0603', '60350', 'COLTA');
INSERT INTO enemdu.ciudades (cantones_id_canton, id_ciudad, nombre_ciudad) VALUES ('0603', '60351', 'COLTA');
INSERT INTO enemdu.ciudades (cantones_id_canton, id_ciudad, nombre_ciudad) VALUES ('0603', '60352', 'COLTA');
INSERT INTO enemdu.ciudades (cantones_id_canton, id_ciudad, nombre_ciudad) VALUES ('0603', '60353', 'COLTA');
INSERT INTO enemdu.ciudades (cantones_id_canton, id_ciudad, nombre_ciudad) VALUES ('0603', '60354', 'COLTA');
INSERT INTO enemdu.ciudades (cantones_id_canton, id_ciudad, nombre_ciudad) VALUES ('0604', '60450', 'CHAMBO');
INSERT INTO enemdu.ciudades (cantones_id_canton, id_ciudad, nombre_ciudad) VALUES ('0605', '60550', 'CHUNCHI');
INSERT INTO enemdu.ciudades (cantones_id_canton, id_ciudad, nombre_ciudad) VALUES ('0605', '60551', 'CHUNCHI');
INSERT INTO enemdu.ciudades (cantones_id_canton, id_ciudad, nombre_ciudad) VALUES ('0605', '60552', 'CHUNCHI');
INSERT INTO enemdu.ciudades (cantones_id_canton, id_ciudad, nombre_ciudad) VALUES ('0605', '60553', 'CHUNCHI');
INSERT INTO enemdu.ciudades (cantones_id_canton, id_ciudad, nombre_ciudad) VALUES ('0605', '60554', 'CHUNCHI');
INSERT INTO enemdu.ciudades (cantones_id_canton, id_ciudad, nombre_ciudad) VALUES ('0606', '60650', 'GUAMOTE');
INSERT INTO enemdu.ciudades (cantones_id_canton, id_ciudad, nombre_ciudad) VALUES ('0606', '60651', 'GUAMOTE');
INSERT INTO enemdu.ciudades (cantones_id_canton, id_ciudad, nombre_ciudad) VALUES ('0606', '60652', 'GUAMOTE');
INSERT INTO enemdu.ciudades (cantones_id_canton, id_ciudad, nombre_ciudad) VALUES ('0607', '60750', 'GUANO');
INSERT INTO enemdu.ciudades (cantones_id_canton, id_ciudad, nombre_ciudad) VALUES ('0607', '60751', 'GUANO');
INSERT INTO enemdu.ciudades (cantones_id_canton, id_ciudad, nombre_ciudad) VALUES ('0607', '60752', 'GUANO');
INSERT INTO enemdu.ciudades (cantones_id_canton, id_ciudad, nombre_ciudad) VALUES ('0607', '60753', 'GUANO');
INSERT INTO enemdu.ciudades (cantones_id_canton, id_ciudad, nombre_ciudad) VALUES ('0607', '60754', 'GUANO');
INSERT INTO enemdu.ciudades (cantones_id_canton, id_ciudad, nombre_ciudad) VALUES ('0607', '60755', 'GUANO');
INSERT INTO enemdu.ciudades (cantones_id_canton, id_ciudad, nombre_ciudad) VALUES ('0607', '60756', 'GUANO');
INSERT INTO enemdu.ciudades (cantones_id_canton, id_ciudad, nombre_ciudad) VALUES ('0607', '60757', 'GUANO');
INSERT INTO enemdu.ciudades (cantones_id_canton, id_ciudad, nombre_ciudad) VALUES ('0607', '60758', 'GUANO');
INSERT INTO enemdu.ciudades (cantones_id_canton, id_ciudad, nombre_ciudad) VALUES ('0607', '60759', 'GUANO');
INSERT INTO enemdu.ciudades (cantones_id_canton, id_ciudad, nombre_ciudad) VALUES ('0608', '60850', 'PALLATANGA');
INSERT INTO enemdu.ciudades (cantones_id_canton, id_ciudad, nombre_ciudad) VALUES ('0609', '60950', 'PENIPE');
INSERT INTO enemdu.ciudades (cantones_id_canton, id_ciudad, nombre_ciudad) VALUES ('0609', '60951', 'PENIPE');
INSERT INTO enemdu.ciudades (cantones_id_canton, id_ciudad, nombre_ciudad) VALUES ('0609', '60952', 'PENIPE');
INSERT INTO enemdu.ciudades (cantones_id_canton, id_ciudad, nombre_ciudad) VALUES ('0609', '60953', 'PENIPE');
INSERT INTO enemdu.ciudades (cantones_id_canton, id_ciudad, nombre_ciudad) VALUES ('0609', '60954', 'PENIPE');
INSERT INTO enemdu.ciudades (cantones_id_canton, id_ciudad, nombre_ciudad) VALUES ('0609', '60955', 'PENIPE');
INSERT INTO enemdu.ciudades (cantones_id_canton, id_ciudad, nombre_ciudad) VALUES ('0609', '60956', 'PENIPE');
INSERT INTO enemdu.ciudades (cantones_id_canton, id_ciudad, nombre_ciudad) VALUES ('0610', '61050', 'CUMANDÁ');
INSERT INTO enemdu.ciudades (cantones_id_canton, id_ciudad, nombre_ciudad) VALUES ('0701', '70150', 'MACHALA');
INSERT INTO enemdu.ciudades (cantones_id_canton, id_ciudad, nombre_ciudad) VALUES ('0701', '70152', 'MACHALA');
INSERT INTO enemdu.ciudades (cantones_id_canton, id_ciudad, nombre_ciudad) VALUES ('0702', '70250', 'ARENILLAS');
INSERT INTO enemdu.ciudades (cantones_id_canton, id_ciudad, nombre_ciudad) VALUES ('0702', '70251', 'ARENILLAS');
INSERT INTO enemdu.ciudades (cantones_id_canton, id_ciudad, nombre_ciudad) VALUES ('0702', '70254', 'ARENILLAS');
INSERT INTO enemdu.ciudades (cantones_id_canton, id_ciudad, nombre_ciudad) VALUES ('0702', '70255', 'ARENILLAS');
INSERT INTO enemdu.ciudades (cantones_id_canton, id_ciudad, nombre_ciudad) VALUES ('0702', '70256', 'ARENILLAS');
INSERT INTO enemdu.ciudades (cantones_id_canton, id_ciudad, nombre_ciudad) VALUES ('0703', '70350', 'ATAHUALPA');
INSERT INTO enemdu.ciudades (cantones_id_canton, id_ciudad, nombre_ciudad) VALUES ('0703', '70351', 'ATAHUALPA');
INSERT INTO enemdu.ciudades (cantones_id_canton, id_ciudad, nombre_ciudad) VALUES ('0703', '70352', 'ATAHUALPA');
INSERT INTO enemdu.ciudades (cantones_id_canton, id_ciudad, nombre_ciudad) VALUES ('0703', '70353', 'ATAHUALPA');
INSERT INTO enemdu.ciudades (cantones_id_canton, id_ciudad, nombre_ciudad) VALUES ('0703', '70354', 'ATAHUALPA');
INSERT INTO enemdu.ciudades (cantones_id_canton, id_ciudad, nombre_ciudad) VALUES ('0703', '70355', 'ATAHUALPA');
INSERT INTO enemdu.ciudades (cantones_id_canton, id_ciudad, nombre_ciudad) VALUES ('0704', '70450', 'BALSAS');
INSERT INTO enemdu.ciudades (cantones_id_canton, id_ciudad, nombre_ciudad) VALUES ('0704', '70451', 'BALSAS');
INSERT INTO enemdu.ciudades (cantones_id_canton, id_ciudad, nombre_ciudad) VALUES ('0705', '70550', 'CHILLA');
INSERT INTO enemdu.ciudades (cantones_id_canton, id_ciudad, nombre_ciudad) VALUES ('0706', '70650', 'EL GUABO');
INSERT INTO enemdu.ciudades (cantones_id_canton, id_ciudad, nombre_ciudad) VALUES ('0706', '70651', 'EL GUABO');
INSERT INTO enemdu.ciudades (cantones_id_canton, id_ciudad, nombre_ciudad) VALUES ('0706', '70652', 'EL GUABO');
INSERT INTO enemdu.ciudades (cantones_id_canton, id_ciudad, nombre_ciudad) VALUES ('0706', '70653', 'EL GUABO');
INSERT INTO enemdu.ciudades (cantones_id_canton, id_ciudad, nombre_ciudad) VALUES ('0706', '70654', 'EL GUABO');
INSERT INTO enemdu.ciudades (cantones_id_canton, id_ciudad, nombre_ciudad) VALUES ('0707', '70750', 'HUAQUILLAS');
INSERT INTO enemdu.ciudades (cantones_id_canton, id_ciudad, nombre_ciudad) VALUES ('0708', '70850', 'MARCABELÍ');
INSERT INTO enemdu.ciudades (cantones_id_canton, id_ciudad, nombre_ciudad) VALUES ('0708', '70851', 'MARCABELÍ');
INSERT INTO enemdu.ciudades (cantones_id_canton, id_ciudad, nombre_ciudad) VALUES ('0709', '70950', 'PASAJE');
INSERT INTO enemdu.ciudades (cantones_id_canton, id_ciudad, nombre_ciudad) VALUES ('0709', '70951', 'PASAJE');
INSERT INTO enemdu.ciudades (cantones_id_canton, id_ciudad, nombre_ciudad) VALUES ('0709', '70952', 'PASAJE');
INSERT INTO enemdu.ciudades (cantones_id_canton, id_ciudad, nombre_ciudad) VALUES ('0709', '70953', 'PASAJE');
INSERT INTO enemdu.ciudades (cantones_id_canton, id_ciudad, nombre_ciudad) VALUES ('0709', '70954', 'PASAJE');
INSERT INTO enemdu.ciudades (cantones_id_canton, id_ciudad, nombre_ciudad) VALUES ('0709', '70955', 'PASAJE');
INSERT INTO enemdu.ciudades (cantones_id_canton, id_ciudad, nombre_ciudad) VALUES ('0709', '70956', 'PASAJE');
INSERT INTO enemdu.ciudades (cantones_id_canton, id_ciudad, nombre_ciudad) VALUES ('0710', '71050', 'PIÑAS');
INSERT INTO enemdu.ciudades (cantones_id_canton, id_ciudad, nombre_ciudad) VALUES ('0710', '71051', 'PIÑAS');
INSERT INTO enemdu.ciudades (cantones_id_canton, id_ciudad, nombre_ciudad) VALUES ('0710', '71052', 'PIÑAS');
INSERT INTO enemdu.ciudades (cantones_id_canton, id_ciudad, nombre_ciudad) VALUES ('0710', '71053', 'PIÑAS');
INSERT INTO enemdu.ciudades (cantones_id_canton, id_ciudad, nombre_ciudad) VALUES ('0710', '71054', 'PIÑAS');
INSERT INTO enemdu.ciudades (cantones_id_canton, id_ciudad, nombre_ciudad) VALUES ('0710', '71055', 'PIÑAS');
INSERT INTO enemdu.ciudades (cantones_id_canton, id_ciudad, nombre_ciudad) VALUES ('0710', '71056', 'PIÑAS');
INSERT INTO enemdu.ciudades (cantones_id_canton, id_ciudad, nombre_ciudad) VALUES ('0711', '71150', 'PORTOVELO');
INSERT INTO enemdu.ciudades (cantones_id_canton, id_ciudad, nombre_ciudad) VALUES ('0711', '71151', 'PORTOVELO');
INSERT INTO enemdu.ciudades (cantones_id_canton, id_ciudad, nombre_ciudad) VALUES ('0711', '71152', 'PORTOVELO');
INSERT INTO enemdu.ciudades (cantones_id_canton, id_ciudad, nombre_ciudad) VALUES ('0711', '71153', 'PORTOVELO');
INSERT INTO enemdu.ciudades (cantones_id_canton, id_ciudad, nombre_ciudad) VALUES ('0712', '71250', 'SANTA ROSA');
INSERT INTO enemdu.ciudades (cantones_id_canton, id_ciudad, nombre_ciudad) VALUES ('0712', '71251', 'SANTA ROSA');
INSERT INTO enemdu.ciudades (cantones_id_canton, id_ciudad, nombre_ciudad) VALUES ('0712', '71252', 'SANTA ROSA');
INSERT INTO enemdu.ciudades (cantones_id_canton, id_ciudad, nombre_ciudad) VALUES ('0712', '71253', 'SANTA ROSA');
INSERT INTO enemdu.ciudades (cantones_id_canton, id_ciudad, nombre_ciudad) VALUES ('0712', '71254', 'SANTA ROSA');
INSERT INTO enemdu.ciudades (cantones_id_canton, id_ciudad, nombre_ciudad) VALUES ('0712', '71255', 'SANTA ROSA');
INSERT INTO enemdu.ciudades (cantones_id_canton, id_ciudad, nombre_ciudad) VALUES ('0712', '71256', 'SANTA ROSA');
INSERT INTO enemdu.ciudades (cantones_id_canton, id_ciudad, nombre_ciudad) VALUES ('0712', '71257', 'SANTA ROSA');
INSERT INTO enemdu.ciudades (cantones_id_canton, id_ciudad, nombre_ciudad) VALUES ('0713', '71350', 'ZARUMA');
INSERT INTO enemdu.ciudades (cantones_id_canton, id_ciudad, nombre_ciudad) VALUES ('0713', '71351', 'ZARUMA');
INSERT INTO enemdu.ciudades (cantones_id_canton, id_ciudad, nombre_ciudad) VALUES ('0713', '71352', 'ZARUMA');
INSERT INTO enemdu.ciudades (cantones_id_canton, id_ciudad, nombre_ciudad) VALUES ('0713', '71353', 'ZARUMA');
INSERT INTO enemdu.ciudades (cantones_id_canton, id_ciudad, nombre_ciudad) VALUES ('0713', '71354', 'ZARUMA');
INSERT INTO enemdu.ciudades (cantones_id_canton, id_ciudad, nombre_ciudad) VALUES ('0713', '71355', 'ZARUMA');
INSERT INTO enemdu.ciudades (cantones_id_canton, id_ciudad, nombre_ciudad) VALUES ('0713', '71356', 'ZARUMA');
INSERT INTO enemdu.ciudades (cantones_id_canton, id_ciudad, nombre_ciudad) VALUES ('0713', '71357', 'ZARUMA');
INSERT INTO enemdu.ciudades (cantones_id_canton, id_ciudad, nombre_ciudad) VALUES ('0713', '71358', 'ZARUMA');
INSERT INTO enemdu.ciudades (cantones_id_canton, id_ciudad, nombre_ciudad) VALUES ('0713', '71359', 'ZARUMA');
INSERT INTO enemdu.ciudades (cantones_id_canton, id_ciudad, nombre_ciudad) VALUES ('0714', '71450', 'LAS LAJAS');
INSERT INTO enemdu.ciudades (cantones_id_canton, id_ciudad, nombre_ciudad) VALUES ('0714', '71451', 'LAS LAJAS');
INSERT INTO enemdu.ciudades (cantones_id_canton, id_ciudad, nombre_ciudad) VALUES ('0714', '71452', 'LAS LAJAS');
INSERT INTO enemdu.ciudades (cantones_id_canton, id_ciudad, nombre_ciudad) VALUES ('0714', '71453', 'LAS LAJAS');
INSERT INTO enemdu.ciudades (cantones_id_canton, id_ciudad, nombre_ciudad) VALUES ('0801', '80150', 'ESMERALDAS');
INSERT INTO enemdu.ciudades (cantones_id_canton, id_ciudad, nombre_ciudad) VALUES ('0801', '80152', 'ESMERALDAS');
INSERT INTO enemdu.ciudades (cantones_id_canton, id_ciudad, nombre_ciudad) VALUES ('0801', '80153', 'ESMERALDAS');
INSERT INTO enemdu.ciudades (cantones_id_canton, id_ciudad, nombre_ciudad) VALUES ('0801', '80154', 'ESMERALDAS');
INSERT INTO enemdu.ciudades (cantones_id_canton, id_ciudad, nombre_ciudad) VALUES ('0801', '80159', 'ESMERALDAS');
INSERT INTO enemdu.ciudades (cantones_id_canton, id_ciudad, nombre_ciudad) VALUES ('0801', '80163', 'ESMERALDAS');
INSERT INTO enemdu.ciudades (cantones_id_canton, id_ciudad, nombre_ciudad) VALUES ('0801', '80165', 'ESMERALDAS');
INSERT INTO enemdu.ciudades (cantones_id_canton, id_ciudad, nombre_ciudad) VALUES ('0801', '80166', 'ESMERALDAS');
INSERT INTO enemdu.ciudades (cantones_id_canton, id_ciudad, nombre_ciudad) VALUES ('0801', '80168', 'ESMERALDAS');
INSERT INTO enemdu.ciudades (cantones_id_canton, id_ciudad, nombre_ciudad) VALUES ('0802', '80250', 'ELOY ALFARO');
INSERT INTO enemdu.ciudades (cantones_id_canton, id_ciudad, nombre_ciudad) VALUES ('0802', '80251', 'ELOY ALFARO');
INSERT INTO enemdu.ciudades (cantones_id_canton, id_ciudad, nombre_ciudad) VALUES ('0802', '80252', 'ELOY ALFARO');
INSERT INTO enemdu.ciudades (cantones_id_canton, id_ciudad, nombre_ciudad) VALUES ('0802', '80253', 'ELOY ALFARO');
INSERT INTO enemdu.ciudades (cantones_id_canton, id_ciudad, nombre_ciudad) VALUES ('0802', '80254', 'ELOY ALFARO');
INSERT INTO enemdu.ciudades (cantones_id_canton, id_ciudad, nombre_ciudad) VALUES ('0802', '80255', 'ELOY ALFARO');
INSERT INTO enemdu.ciudades (cantones_id_canton, id_ciudad, nombre_ciudad) VALUES ('0802', '80256', 'ELOY ALFARO');
INSERT INTO enemdu.ciudades (cantones_id_canton, id_ciudad, nombre_ciudad) VALUES ('0802', '80257', 'ELOY ALFARO');
INSERT INTO enemdu.ciudades (cantones_id_canton, id_ciudad, nombre_ciudad) VALUES ('0802', '80258', 'ELOY ALFARO');
INSERT INTO enemdu.ciudades (cantones_id_canton, id_ciudad, nombre_ciudad) VALUES ('0802', '80259', 'ELOY ALFARO');
INSERT INTO enemdu.ciudades (cantones_id_canton, id_ciudad, nombre_ciudad) VALUES ('0802', '80260', 'ELOY ALFARO');
INSERT INTO enemdu.ciudades (cantones_id_canton, id_ciudad, nombre_ciudad) VALUES ('0802', '80261', 'ELOY ALFARO');
INSERT INTO enemdu.ciudades (cantones_id_canton, id_ciudad, nombre_ciudad) VALUES ('0802', '80262', 'ELOY ALFARO');
INSERT INTO enemdu.ciudades (cantones_id_canton, id_ciudad, nombre_ciudad) VALUES ('0802', '80263', 'ELOY ALFARO');
INSERT INTO enemdu.ciudades (cantones_id_canton, id_ciudad, nombre_ciudad) VALUES ('0802', '80264', 'ELOY ALFARO');
INSERT INTO enemdu.ciudades (cantones_id_canton, id_ciudad, nombre_ciudad) VALUES ('0802', '80265', 'ELOY ALFARO');
INSERT INTO enemdu.ciudades (cantones_id_canton, id_ciudad, nombre_ciudad) VALUES ('0803', '80350', 'MUISNE');
INSERT INTO enemdu.ciudades (cantones_id_canton, id_ciudad, nombre_ciudad) VALUES ('0803', '80351', 'MUISNE');
INSERT INTO enemdu.ciudades (cantones_id_canton, id_ciudad, nombre_ciudad) VALUES ('0803', '80352', 'MUISNE');
INSERT INTO enemdu.ciudades (cantones_id_canton, id_ciudad, nombre_ciudad) VALUES ('0803', '80353', 'MUISNE');
INSERT INTO enemdu.ciudades (cantones_id_canton, id_ciudad, nombre_ciudad) VALUES ('0803', '80354', 'MUISNE');
INSERT INTO enemdu.ciudades (cantones_id_canton, id_ciudad, nombre_ciudad) VALUES ('0803', '80355', 'MUISNE');
INSERT INTO enemdu.ciudades (cantones_id_canton, id_ciudad, nombre_ciudad) VALUES ('0803', '80356', 'MUISNE');
INSERT INTO enemdu.ciudades (cantones_id_canton, id_ciudad, nombre_ciudad) VALUES ('0803', '80357', 'MUISNE');
INSERT INTO enemdu.ciudades (cantones_id_canton, id_ciudad, nombre_ciudad) VALUES ('0803', '80358', 'MUISNE');
INSERT INTO enemdu.ciudades (cantones_id_canton, id_ciudad, nombre_ciudad) VALUES ('0804', '80450', 'QUININDÉ');
INSERT INTO enemdu.ciudades (cantones_id_canton, id_ciudad, nombre_ciudad) VALUES ('0804', '80451', 'QUININDÉ');
INSERT INTO enemdu.ciudades (cantones_id_canton, id_ciudad, nombre_ciudad) VALUES ('0804', '80452', 'QUININDÉ');
INSERT INTO enemdu.ciudades (cantones_id_canton, id_ciudad, nombre_ciudad) VALUES ('0804', '80453', 'QUININDÉ');
INSERT INTO enemdu.ciudades (cantones_id_canton, id_ciudad, nombre_ciudad) VALUES ('0804', '80454', 'QUININDÉ');
INSERT INTO enemdu.ciudades (cantones_id_canton, id_ciudad, nombre_ciudad) VALUES ('0804', '80455', 'QUININDÉ');
INSERT INTO enemdu.ciudades (cantones_id_canton, id_ciudad, nombre_ciudad) VALUES ('0805', '80550', 'SAN LORENZO');
INSERT INTO enemdu.ciudades (cantones_id_canton, id_ciudad, nombre_ciudad) VALUES ('0805', '80551', 'SAN LORENZO');
INSERT INTO enemdu.ciudades (cantones_id_canton, id_ciudad, nombre_ciudad) VALUES ('0805', '80552', 'SAN LORENZO');
INSERT INTO enemdu.ciudades (cantones_id_canton, id_ciudad, nombre_ciudad) VALUES ('0805', '80553', 'SAN LORENZO');
INSERT INTO enemdu.ciudades (cantones_id_canton, id_ciudad, nombre_ciudad) VALUES ('0805', '80554', 'SAN LORENZO');
INSERT INTO enemdu.ciudades (cantones_id_canton, id_ciudad, nombre_ciudad) VALUES ('0805', '80555', 'SAN LORENZO');
INSERT INTO enemdu.ciudades (cantones_id_canton, id_ciudad, nombre_ciudad) VALUES ('0805', '80556', 'SAN LORENZO');
INSERT INTO enemdu.ciudades (cantones_id_canton, id_ciudad, nombre_ciudad) VALUES ('0805', '80557', 'SAN LORENZO');
INSERT INTO enemdu.ciudades (cantones_id_canton, id_ciudad, nombre_ciudad) VALUES ('0805', '80558', 'SAN LORENZO');
INSERT INTO enemdu.ciudades (cantones_id_canton, id_ciudad, nombre_ciudad) VALUES ('0805', '80559', 'SAN LORENZO');
INSERT INTO enemdu.ciudades (cantones_id_canton, id_ciudad, nombre_ciudad) VALUES ('0805', '80560', 'SAN LORENZO');
INSERT INTO enemdu.ciudades (cantones_id_canton, id_ciudad, nombre_ciudad) VALUES ('0805', '80561', 'SAN LORENZO');
INSERT INTO enemdu.ciudades (cantones_id_canton, id_ciudad, nombre_ciudad) VALUES ('0805', '80562', 'SAN LORENZO');
INSERT INTO enemdu.ciudades (cantones_id_canton, id_ciudad, nombre_ciudad) VALUES ('0806', '80650', 'ATACAMES');
INSERT INTO enemdu.ciudades (cantones_id_canton, id_ciudad, nombre_ciudad) VALUES ('0806', '80651', 'ATACAMES');
INSERT INTO enemdu.ciudades (cantones_id_canton, id_ciudad, nombre_ciudad) VALUES ('0806', '80652', 'ATACAMES');
INSERT INTO enemdu.ciudades (cantones_id_canton, id_ciudad, nombre_ciudad) VALUES ('0806', '80653', 'ATACAMES');
INSERT INTO enemdu.ciudades (cantones_id_canton, id_ciudad, nombre_ciudad) VALUES ('0806', '80654', 'ATACAMES');
INSERT INTO enemdu.ciudades (cantones_id_canton, id_ciudad, nombre_ciudad) VALUES ('0807', '80750', 'RIOVERDE');
INSERT INTO enemdu.ciudades (cantones_id_canton, id_ciudad, nombre_ciudad) VALUES ('0807', '80751', 'RIOVERDE');
INSERT INTO enemdu.ciudades (cantones_id_canton, id_ciudad, nombre_ciudad) VALUES ('0807', '80752', 'RIOVERDE');
INSERT INTO enemdu.ciudades (cantones_id_canton, id_ciudad, nombre_ciudad) VALUES ('0807', '80753', 'RIOVERDE');
INSERT INTO enemdu.ciudades (cantones_id_canton, id_ciudad, nombre_ciudad) VALUES ('0807', '80754', 'RIOVERDE');
INSERT INTO enemdu.ciudades (cantones_id_canton, id_ciudad, nombre_ciudad) VALUES ('0807', '80755', 'RIOVERDE');
INSERT INTO enemdu.ciudades (cantones_id_canton, id_ciudad, nombre_ciudad) VALUES ('0901', '90150', 'GUAYAQUIL');
INSERT INTO enemdu.ciudades (cantones_id_canton, id_ciudad, nombre_ciudad) VALUES ('0901', '90152', 'GUAYAQUIL');
INSERT INTO enemdu.ciudades (cantones_id_canton, id_ciudad, nombre_ciudad) VALUES ('0901', '90153', 'GUAYAQUIL');
INSERT INTO enemdu.ciudades (cantones_id_canton, id_ciudad, nombre_ciudad) VALUES ('0901', '90156', 'GUAYAQUIL');
INSERT INTO enemdu.ciudades (cantones_id_canton, id_ciudad, nombre_ciudad) VALUES ('0901', '90157', 'GUAYAQUIL');
INSERT INTO enemdu.ciudades (cantones_id_canton, id_ciudad, nombre_ciudad) VALUES ('0901', '90158', 'GUAYAQUIL');
INSERT INTO enemdu.ciudades (cantones_id_canton, id_ciudad, nombre_ciudad) VALUES ('0902', '90250', 'ALFREDO BAQUERIZO MORENO (JUJÁN)');
INSERT INTO enemdu.ciudades (cantones_id_canton, id_ciudad, nombre_ciudad) VALUES ('0903', '90350', 'BALAO');
INSERT INTO enemdu.ciudades (cantones_id_canton, id_ciudad, nombre_ciudad) VALUES ('0904', '90450', 'BALZAR');
INSERT INTO enemdu.ciudades (cantones_id_canton, id_ciudad, nombre_ciudad) VALUES ('0905', '90550', 'COLIMES');
INSERT INTO enemdu.ciudades (cantones_id_canton, id_ciudad, nombre_ciudad) VALUES ('0905', '90551', 'COLIMES');
INSERT INTO enemdu.ciudades (cantones_id_canton, id_ciudad, nombre_ciudad) VALUES ('0906', '90650', 'DAULE');
INSERT INTO enemdu.ciudades (cantones_id_canton, id_ciudad, nombre_ciudad) VALUES ('0906', '90652', 'DAULE');
INSERT INTO enemdu.ciudades (cantones_id_canton, id_ciudad, nombre_ciudad) VALUES ('0906', '90653', 'DAULE');
INSERT INTO enemdu.ciudades (cantones_id_canton, id_ciudad, nombre_ciudad) VALUES ('0906', '90654', 'DAULE');
INSERT INTO enemdu.ciudades (cantones_id_canton, id_ciudad, nombre_ciudad) VALUES ('0906', '90656', 'DAULE');
INSERT INTO enemdu.ciudades (cantones_id_canton, id_ciudad, nombre_ciudad) VALUES ('0907', '90750', 'DURÁN');
INSERT INTO enemdu.ciudades (cantones_id_canton, id_ciudad, nombre_ciudad) VALUES ('0908', '90850', 'EL EMPALME');
INSERT INTO enemdu.ciudades (cantones_id_canton, id_ciudad, nombre_ciudad) VALUES ('0908', '90851', 'EL EMPALME');
INSERT INTO enemdu.ciudades (cantones_id_canton, id_ciudad, nombre_ciudad) VALUES ('0908', '90852', 'EL EMPALME');
INSERT INTO enemdu.ciudades (cantones_id_canton, id_ciudad, nombre_ciudad) VALUES ('0909', '90950', 'EL TRIUNFO');
INSERT INTO enemdu.ciudades (cantones_id_canton, id_ciudad, nombre_ciudad) VALUES ('0910', '91050', 'MILAGRO');
INSERT INTO enemdu.ciudades (cantones_id_canton, id_ciudad, nombre_ciudad) VALUES ('0910', '91051', 'MILAGRO');
INSERT INTO enemdu.ciudades (cantones_id_canton, id_ciudad, nombre_ciudad) VALUES ('0910', '91053', 'MILAGRO');
INSERT INTO enemdu.ciudades (cantones_id_canton, id_ciudad, nombre_ciudad) VALUES ('0910', '91054', 'MILAGRO');
INSERT INTO enemdu.ciudades (cantones_id_canton, id_ciudad, nombre_ciudad) VALUES ('0911', '91150', 'NARANJAL');
INSERT INTO enemdu.ciudades (cantones_id_canton, id_ciudad, nombre_ciudad) VALUES ('0911', '91151', 'NARANJAL');
INSERT INTO enemdu.ciudades (cantones_id_canton, id_ciudad, nombre_ciudad) VALUES ('0911', '91152', 'NARANJAL');
INSERT INTO enemdu.ciudades (cantones_id_canton, id_ciudad, nombre_ciudad) VALUES ('0911', '91153', 'NARANJAL');
INSERT INTO enemdu.ciudades (cantones_id_canton, id_ciudad, nombre_ciudad) VALUES ('0911', '91154', 'NARANJAL');
INSERT INTO enemdu.ciudades (cantones_id_canton, id_ciudad, nombre_ciudad) VALUES ('0912', '91250', 'NARANJITO');
INSERT INTO enemdu.ciudades (cantones_id_canton, id_ciudad, nombre_ciudad) VALUES ('0913', '91350', 'PALESTINA');
INSERT INTO enemdu.ciudades (cantones_id_canton, id_ciudad, nombre_ciudad) VALUES ('0914', '91450', 'PEDRO CARBO');
INSERT INTO enemdu.ciudades (cantones_id_canton, id_ciudad, nombre_ciudad) VALUES ('0914', '91451', 'PEDRO CARBO');
INSERT INTO enemdu.ciudades (cantones_id_canton, id_ciudad, nombre_ciudad) VALUES ('0914', '91452', 'PEDRO CARBO');
INSERT INTO enemdu.ciudades (cantones_id_canton, id_ciudad, nombre_ciudad) VALUES ('0916', '91650', 'SAMBORONDÓN');
INSERT INTO enemdu.ciudades (cantones_id_canton, id_ciudad, nombre_ciudad) VALUES ('0916', '91651', 'SAMBORONDÓN');
INSERT INTO enemdu.ciudades (cantones_id_canton, id_ciudad, nombre_ciudad) VALUES ('0918', '91850', 'SANTA LUCÍA');
INSERT INTO enemdu.ciudades (cantones_id_canton, id_ciudad, nombre_ciudad) VALUES ('0919', '91950', 'SALITRE');
INSERT INTO enemdu.ciudades (cantones_id_canton, id_ciudad, nombre_ciudad) VALUES ('0919', '91951', 'SALITRE');
INSERT INTO enemdu.ciudades (cantones_id_canton, id_ciudad, nombre_ciudad) VALUES ('0919', '91952', 'SALITRE');
INSERT INTO enemdu.ciudades (cantones_id_canton, id_ciudad, nombre_ciudad) VALUES ('0919', '91953', 'SALITRE');
INSERT INTO enemdu.ciudades (cantones_id_canton, id_ciudad, nombre_ciudad) VALUES ('0920', '92050', 'SAN JACINTO DE YAGUACHI');
INSERT INTO enemdu.ciudades (cantones_id_canton, id_ciudad, nombre_ciudad) VALUES ('0920', '92053', 'SAN JACINTO DE YAGUACHI');
INSERT INTO enemdu.ciudades (cantones_id_canton, id_ciudad, nombre_ciudad) VALUES ('0920', '92055', 'SAN JACINTO DE YAGUACHI');
INSERT INTO enemdu.ciudades (cantones_id_canton, id_ciudad, nombre_ciudad) VALUES ('0920', '92056', 'SAN JACINTO DE YAGUACHI');
INSERT INTO enemdu.ciudades (cantones_id_canton, id_ciudad, nombre_ciudad) VALUES ('0921', '92150', 'PLAYAS');
INSERT INTO enemdu.ciudades (cantones_id_canton, id_ciudad, nombre_ciudad) VALUES ('0922', '92250', 'SIMÓN BOLÍVAR');
INSERT INTO enemdu.ciudades (cantones_id_canton, id_ciudad, nombre_ciudad) VALUES ('0922', '92251', 'SIMÓN BOLÍVAR');
INSERT INTO enemdu.ciudades (cantones_id_canton, id_ciudad, nombre_ciudad) VALUES ('0923', '92350', 'CORONEL MARCELINO MARIDUEÑA');
INSERT INTO enemdu.ciudades (cantones_id_canton, id_ciudad, nombre_ciudad) VALUES ('0924', '92450', 'LOMAS DE SARGENTILLO');
INSERT INTO enemdu.ciudades (cantones_id_canton, id_ciudad, nombre_ciudad) VALUES ('0925', '92550', 'NOBOL');
INSERT INTO enemdu.ciudades (cantones_id_canton, id_ciudad, nombre_ciudad) VALUES ('0927', '92750', 'GENERAL  ANTONIO ELIZALDE');
INSERT INTO enemdu.ciudades (cantones_id_canton, id_ciudad, nombre_ciudad) VALUES ('0928', '92850', 'ISIDRO AYORA');
INSERT INTO enemdu.ciudades (cantones_id_canton, id_ciudad, nombre_ciudad) VALUES ('1001', '100150', 'IBARRA');
INSERT INTO enemdu.ciudades (cantones_id_canton, id_ciudad, nombre_ciudad) VALUES ('1001', '100151', 'IBARRA');
INSERT INTO enemdu.ciudades (cantones_id_canton, id_ciudad, nombre_ciudad) VALUES ('1001', '100152', 'IBARRA');
INSERT INTO enemdu.ciudades (cantones_id_canton, id_ciudad, nombre_ciudad) VALUES ('1001', '100153', 'IBARRA');
INSERT INTO enemdu.ciudades (cantones_id_canton, id_ciudad, nombre_ciudad) VALUES ('1001', '100154', 'IBARRA');
INSERT INTO enemdu.ciudades (cantones_id_canton, id_ciudad, nombre_ciudad) VALUES ('1001', '100155', 'IBARRA');
INSERT INTO enemdu.ciudades (cantones_id_canton, id_ciudad, nombre_ciudad) VALUES ('1001', '100156', 'IBARRA');
INSERT INTO enemdu.ciudades (cantones_id_canton, id_ciudad, nombre_ciudad) VALUES ('1001', '100157', 'IBARRA');
INSERT INTO enemdu.ciudades (cantones_id_canton, id_ciudad, nombre_ciudad) VALUES ('1002', '100250', 'ANTONIO ANTE');
INSERT INTO enemdu.ciudades (cantones_id_canton, id_ciudad, nombre_ciudad) VALUES ('1002', '100251', 'ANTONIO ANTE');
INSERT INTO enemdu.ciudades (cantones_id_canton, id_ciudad, nombre_ciudad) VALUES ('1002', '100252', 'ANTONIO ANTE');
INSERT INTO enemdu.ciudades (cantones_id_canton, id_ciudad, nombre_ciudad) VALUES ('1002', '100253', 'ANTONIO ANTE');
INSERT INTO enemdu.ciudades (cantones_id_canton, id_ciudad, nombre_ciudad) VALUES ('1002', '100254', 'ANTONIO ANTE');
INSERT INTO enemdu.ciudades (cantones_id_canton, id_ciudad, nombre_ciudad) VALUES ('1003', '100350', 'COTACACHI');
INSERT INTO enemdu.ciudades (cantones_id_canton, id_ciudad, nombre_ciudad) VALUES ('1003', '100351', 'COTACACHI');
INSERT INTO enemdu.ciudades (cantones_id_canton, id_ciudad, nombre_ciudad) VALUES ('1003', '100352', 'COTACACHI');
INSERT INTO enemdu.ciudades (cantones_id_canton, id_ciudad, nombre_ciudad) VALUES ('1003', '100353', 'COTACACHI');
INSERT INTO enemdu.ciudades (cantones_id_canton, id_ciudad, nombre_ciudad) VALUES ('1003', '100354', 'COTACACHI');
INSERT INTO enemdu.ciudades (cantones_id_canton, id_ciudad, nombre_ciudad) VALUES ('1003', '100355', 'COTACACHI');
INSERT INTO enemdu.ciudades (cantones_id_canton, id_ciudad, nombre_ciudad) VALUES ('1003', '100356', 'COTACACHI');
INSERT INTO enemdu.ciudades (cantones_id_canton, id_ciudad, nombre_ciudad) VALUES ('1003', '100357', 'COTACACHI');
INSERT INTO enemdu.ciudades (cantones_id_canton, id_ciudad, nombre_ciudad) VALUES ('1003', '100358', 'COTACACHI');
INSERT INTO enemdu.ciudades (cantones_id_canton, id_ciudad, nombre_ciudad) VALUES ('1004', '100450', 'OTAVALO');
INSERT INTO enemdu.ciudades (cantones_id_canton, id_ciudad, nombre_ciudad) VALUES ('1004', '100451', 'OTAVALO');
INSERT INTO enemdu.ciudades (cantones_id_canton, id_ciudad, nombre_ciudad) VALUES ('1004', '100452', 'OTAVALO');
INSERT INTO enemdu.ciudades (cantones_id_canton, id_ciudad, nombre_ciudad) VALUES ('1004', '100453', 'OTAVALO');
INSERT INTO enemdu.ciudades (cantones_id_canton, id_ciudad, nombre_ciudad) VALUES ('1004', '100454', 'OTAVALO');
INSERT INTO enemdu.ciudades (cantones_id_canton, id_ciudad, nombre_ciudad) VALUES ('1004', '100455', 'OTAVALO');
INSERT INTO enemdu.ciudades (cantones_id_canton, id_ciudad, nombre_ciudad) VALUES ('1004', '100456', 'OTAVALO');
INSERT INTO enemdu.ciudades (cantones_id_canton, id_ciudad, nombre_ciudad) VALUES ('1004', '100457', 'OTAVALO');
INSERT INTO enemdu.ciudades (cantones_id_canton, id_ciudad, nombre_ciudad) VALUES ('1004', '100458', 'OTAVALO');
INSERT INTO enemdu.ciudades (cantones_id_canton, id_ciudad, nombre_ciudad) VALUES ('1004', '100459', 'OTAVALO');
INSERT INTO enemdu.ciudades (cantones_id_canton, id_ciudad, nombre_ciudad) VALUES ('1005', '100550', 'PIMAMPIRO');
INSERT INTO enemdu.ciudades (cantones_id_canton, id_ciudad, nombre_ciudad) VALUES ('1005', '100551', 'PIMAMPIRO');
INSERT INTO enemdu.ciudades (cantones_id_canton, id_ciudad, nombre_ciudad) VALUES ('1005', '100552', 'PIMAMPIRO');
INSERT INTO enemdu.ciudades (cantones_id_canton, id_ciudad, nombre_ciudad) VALUES ('1005', '100553', 'PIMAMPIRO');
INSERT INTO enemdu.ciudades (cantones_id_canton, id_ciudad, nombre_ciudad) VALUES ('1006', '100650', 'SAN MIGUEL DE URCUQUÍ');
INSERT INTO enemdu.ciudades (cantones_id_canton, id_ciudad, nombre_ciudad) VALUES ('1006', '100651', 'SAN MIGUEL DE URCUQUÍ');
INSERT INTO enemdu.ciudades (cantones_id_canton, id_ciudad, nombre_ciudad) VALUES ('1006', '100652', 'SAN MIGUEL DE URCUQUÍ');
INSERT INTO enemdu.ciudades (cantones_id_canton, id_ciudad, nombre_ciudad) VALUES ('1006', '100653', 'SAN MIGUEL DE URCUQUÍ');
INSERT INTO enemdu.ciudades (cantones_id_canton, id_ciudad, nombre_ciudad) VALUES ('1006', '100654', 'SAN MIGUEL DE URCUQUÍ');
INSERT INTO enemdu.ciudades (cantones_id_canton, id_ciudad, nombre_ciudad) VALUES ('1006', '100655', 'SAN MIGUEL DE URCUQUÍ');
INSERT INTO enemdu.ciudades (cantones_id_canton, id_ciudad, nombre_ciudad) VALUES ('1101', '110150', 'LOJA');
INSERT INTO enemdu.ciudades (cantones_id_canton, id_ciudad, nombre_ciudad) VALUES ('1101', '110151', 'LOJA');
INSERT INTO enemdu.ciudades (cantones_id_canton, id_ciudad, nombre_ciudad) VALUES ('1101', '110152', 'LOJA');
INSERT INTO enemdu.ciudades (cantones_id_canton, id_ciudad, nombre_ciudad) VALUES ('1101', '110153', 'LOJA');
INSERT INTO enemdu.ciudades (cantones_id_canton, id_ciudad, nombre_ciudad) VALUES ('1101', '110154', 'LOJA');
INSERT INTO enemdu.ciudades (cantones_id_canton, id_ciudad, nombre_ciudad) VALUES ('1101', '110155', 'LOJA');
INSERT INTO enemdu.ciudades (cantones_id_canton, id_ciudad, nombre_ciudad) VALUES ('1101', '110156', 'LOJA');
INSERT INTO enemdu.ciudades (cantones_id_canton, id_ciudad, nombre_ciudad) VALUES ('1101', '110157', 'LOJA');
INSERT INTO enemdu.ciudades (cantones_id_canton, id_ciudad, nombre_ciudad) VALUES ('1101', '110158', 'LOJA');
INSERT INTO enemdu.ciudades (cantones_id_canton, id_ciudad, nombre_ciudad) VALUES ('1101', '110159', 'LOJA');
INSERT INTO enemdu.ciudades (cantones_id_canton, id_ciudad, nombre_ciudad) VALUES ('1101', '110160', 'LOJA');
INSERT INTO enemdu.ciudades (cantones_id_canton, id_ciudad, nombre_ciudad) VALUES ('1101', '110161', 'LOJA');
INSERT INTO enemdu.ciudades (cantones_id_canton, id_ciudad, nombre_ciudad) VALUES ('1101', '110162', 'LOJA');
INSERT INTO enemdu.ciudades (cantones_id_canton, id_ciudad, nombre_ciudad) VALUES ('1101', '110163', 'LOJA');
INSERT INTO enemdu.ciudades (cantones_id_canton, id_ciudad, nombre_ciudad) VALUES ('1102', '110250', 'CALVAS');
INSERT INTO enemdu.ciudades (cantones_id_canton, id_ciudad, nombre_ciudad) VALUES ('1102', '110251', 'CALVAS');
INSERT INTO enemdu.ciudades (cantones_id_canton, id_ciudad, nombre_ciudad) VALUES ('1102', '110252', 'CALVAS');
INSERT INTO enemdu.ciudades (cantones_id_canton, id_ciudad, nombre_ciudad) VALUES ('1102', '110253', 'CALVAS');
INSERT INTO enemdu.ciudades (cantones_id_canton, id_ciudad, nombre_ciudad) VALUES ('1102', '110254', 'CALVAS');
INSERT INTO enemdu.ciudades (cantones_id_canton, id_ciudad, nombre_ciudad) VALUES ('1103', '110350', 'CATAMAYO');
INSERT INTO enemdu.ciudades (cantones_id_canton, id_ciudad, nombre_ciudad) VALUES ('1103', '110351', 'CATAMAYO');
INSERT INTO enemdu.ciudades (cantones_id_canton, id_ciudad, nombre_ciudad) VALUES ('1103', '110352', 'CATAMAYO');
INSERT INTO enemdu.ciudades (cantones_id_canton, id_ciudad, nombre_ciudad) VALUES ('1103', '110353', 'CATAMAYO');
INSERT INTO enemdu.ciudades (cantones_id_canton, id_ciudad, nombre_ciudad) VALUES ('1103', '110354', 'CATAMAYO');
INSERT INTO enemdu.ciudades (cantones_id_canton, id_ciudad, nombre_ciudad) VALUES ('1104', '110450', 'CELICA');
INSERT INTO enemdu.ciudades (cantones_id_canton, id_ciudad, nombre_ciudad) VALUES ('1104', '110451', 'CELICA');
INSERT INTO enemdu.ciudades (cantones_id_canton, id_ciudad, nombre_ciudad) VALUES ('1104', '110455', 'CELICA');
INSERT INTO enemdu.ciudades (cantones_id_canton, id_ciudad, nombre_ciudad) VALUES ('1104', '110456', 'CELICA');
INSERT INTO enemdu.ciudades (cantones_id_canton, id_ciudad, nombre_ciudad) VALUES ('1104', '110457', 'CELICA');
INSERT INTO enemdu.ciudades (cantones_id_canton, id_ciudad, nombre_ciudad) VALUES ('1105', '110550', 'CHAGUARPAMBA');
INSERT INTO enemdu.ciudades (cantones_id_canton, id_ciudad, nombre_ciudad) VALUES ('1105', '110551', 'CHAGUARPAMBA');
INSERT INTO enemdu.ciudades (cantones_id_canton, id_ciudad, nombre_ciudad) VALUES ('1105', '110552', 'CHAGUARPAMBA');
INSERT INTO enemdu.ciudades (cantones_id_canton, id_ciudad, nombre_ciudad) VALUES ('1105', '110553', 'CHAGUARPAMBA');
INSERT INTO enemdu.ciudades (cantones_id_canton, id_ciudad, nombre_ciudad) VALUES ('1105', '110554', 'CHAGUARPAMBA');
INSERT INTO enemdu.ciudades (cantones_id_canton, id_ciudad, nombre_ciudad) VALUES ('1106', '110650', 'ESPÍNDOLA');
INSERT INTO enemdu.ciudades (cantones_id_canton, id_ciudad, nombre_ciudad) VALUES ('1106', '110651', 'ESPÍNDOLA');
INSERT INTO enemdu.ciudades (cantones_id_canton, id_ciudad, nombre_ciudad) VALUES ('1106', '110652', 'ESPÍNDOLA');
INSERT INTO enemdu.ciudades (cantones_id_canton, id_ciudad, nombre_ciudad) VALUES ('1106', '110653', 'ESPÍNDOLA');
INSERT INTO enemdu.ciudades (cantones_id_canton, id_ciudad, nombre_ciudad) VALUES ('1106', '110654', 'ESPÍNDOLA');
INSERT INTO enemdu.ciudades (cantones_id_canton, id_ciudad, nombre_ciudad) VALUES ('1106', '110655', 'ESPÍNDOLA');
INSERT INTO enemdu.ciudades (cantones_id_canton, id_ciudad, nombre_ciudad) VALUES ('1106', '110656', 'ESPÍNDOLA');
INSERT INTO enemdu.ciudades (cantones_id_canton, id_ciudad, nombre_ciudad) VALUES ('1107', '110750', 'GONZANAMÁ');
INSERT INTO enemdu.ciudades (cantones_id_canton, id_ciudad, nombre_ciudad) VALUES ('1107', '110751', 'GONZANAMÁ');
INSERT INTO enemdu.ciudades (cantones_id_canton, id_ciudad, nombre_ciudad) VALUES ('1107', '110753', 'GONZANAMÁ');
INSERT INTO enemdu.ciudades (cantones_id_canton, id_ciudad, nombre_ciudad) VALUES ('1107', '110754', 'GONZANAMÁ');
INSERT INTO enemdu.ciudades (cantones_id_canton, id_ciudad, nombre_ciudad) VALUES ('1107', '110756', 'GONZANAMÁ');
INSERT INTO enemdu.ciudades (cantones_id_canton, id_ciudad, nombre_ciudad) VALUES ('1108', '110850', 'MACARÁ');
INSERT INTO enemdu.ciudades (cantones_id_canton, id_ciudad, nombre_ciudad) VALUES ('1108', '110851', 'MACARÁ');
INSERT INTO enemdu.ciudades (cantones_id_canton, id_ciudad, nombre_ciudad) VALUES ('1108', '110852', 'MACARÁ');
INSERT INTO enemdu.ciudades (cantones_id_canton, id_ciudad, nombre_ciudad) VALUES ('1108', '110853', 'MACARÁ');
INSERT INTO enemdu.ciudades (cantones_id_canton, id_ciudad, nombre_ciudad) VALUES ('1109', '110950', 'PALTAS');
INSERT INTO enemdu.ciudades (cantones_id_canton, id_ciudad, nombre_ciudad) VALUES ('1109', '110951', 'PALTAS');
INSERT INTO enemdu.ciudades (cantones_id_canton, id_ciudad, nombre_ciudad) VALUES ('1109', '110952', 'PALTAS');
INSERT INTO enemdu.ciudades (cantones_id_canton, id_ciudad, nombre_ciudad) VALUES ('1109', '110954', 'PALTAS');
INSERT INTO enemdu.ciudades (cantones_id_canton, id_ciudad, nombre_ciudad) VALUES ('1109', '110956', 'PALTAS');
INSERT INTO enemdu.ciudades (cantones_id_canton, id_ciudad, nombre_ciudad) VALUES ('1109', '110957', 'PALTAS');
INSERT INTO enemdu.ciudades (cantones_id_canton, id_ciudad, nombre_ciudad) VALUES ('1109', '110958', 'PALTAS');
INSERT INTO enemdu.ciudades (cantones_id_canton, id_ciudad, nombre_ciudad) VALUES ('1109', '110959', 'PALTAS');
INSERT INTO enemdu.ciudades (cantones_id_canton, id_ciudad, nombre_ciudad) VALUES ('1110', '111050', 'PUYANGO');
INSERT INTO enemdu.ciudades (cantones_id_canton, id_ciudad, nombre_ciudad) VALUES ('1110', '111051', 'PUYANGO');
INSERT INTO enemdu.ciudades (cantones_id_canton, id_ciudad, nombre_ciudad) VALUES ('1110', '111052', 'PUYANGO');
INSERT INTO enemdu.ciudades (cantones_id_canton, id_ciudad, nombre_ciudad) VALUES ('1110', '111053', 'PUYANGO');
INSERT INTO enemdu.ciudades (cantones_id_canton, id_ciudad, nombre_ciudad) VALUES ('1110', '111054', 'PUYANGO');
INSERT INTO enemdu.ciudades (cantones_id_canton, id_ciudad, nombre_ciudad) VALUES ('1110', '111055', 'PUYANGO');
INSERT INTO enemdu.ciudades (cantones_id_canton, id_ciudad, nombre_ciudad) VALUES ('1111', '111150', 'SARAGURO');
INSERT INTO enemdu.ciudades (cantones_id_canton, id_ciudad, nombre_ciudad) VALUES ('1111', '111151', 'SARAGURO');
INSERT INTO enemdu.ciudades (cantones_id_canton, id_ciudad, nombre_ciudad) VALUES ('1111', '111152', 'SARAGURO');
INSERT INTO enemdu.ciudades (cantones_id_canton, id_ciudad, nombre_ciudad) VALUES ('1111', '111153', 'SARAGURO');
INSERT INTO enemdu.ciudades (cantones_id_canton, id_ciudad, nombre_ciudad) VALUES ('1111', '111154', 'SARAGURO');
INSERT INTO enemdu.ciudades (cantones_id_canton, id_ciudad, nombre_ciudad) VALUES ('1111', '111155', 'SARAGURO');
INSERT INTO enemdu.ciudades (cantones_id_canton, id_ciudad, nombre_ciudad) VALUES ('1111', '111156', 'SARAGURO');
INSERT INTO enemdu.ciudades (cantones_id_canton, id_ciudad, nombre_ciudad) VALUES ('1111', '111157', 'SARAGURO');
INSERT INTO enemdu.ciudades (cantones_id_canton, id_ciudad, nombre_ciudad) VALUES ('1111', '111158', 'SARAGURO');
INSERT INTO enemdu.ciudades (cantones_id_canton, id_ciudad, nombre_ciudad) VALUES ('1111', '111159', 'SARAGURO');
INSERT INTO enemdu.ciudades (cantones_id_canton, id_ciudad, nombre_ciudad) VALUES ('1111', '111160', 'SARAGURO');
INSERT INTO enemdu.ciudades (cantones_id_canton, id_ciudad, nombre_ciudad) VALUES ('1112', '111250', 'SOZORANGA');
INSERT INTO enemdu.ciudades (cantones_id_canton, id_ciudad, nombre_ciudad) VALUES ('1112', '111251', 'SOZORANGA');
INSERT INTO enemdu.ciudades (cantones_id_canton, id_ciudad, nombre_ciudad) VALUES ('1112', '111252', 'SOZORANGA');
INSERT INTO enemdu.ciudades (cantones_id_canton, id_ciudad, nombre_ciudad) VALUES ('1113', '111350', 'ZAPOTILLO');
INSERT INTO enemdu.ciudades (cantones_id_canton, id_ciudad, nombre_ciudad) VALUES ('1113', '111351', 'ZAPOTILLO');
INSERT INTO enemdu.ciudades (cantones_id_canton, id_ciudad, nombre_ciudad) VALUES ('1113', '111352', 'ZAPOTILLO');
INSERT INTO enemdu.ciudades (cantones_id_canton, id_ciudad, nombre_ciudad) VALUES ('1113', '111353', 'ZAPOTILLO');
INSERT INTO enemdu.ciudades (cantones_id_canton, id_ciudad, nombre_ciudad) VALUES ('1113', '111354', 'ZAPOTILLO');
INSERT INTO enemdu.ciudades (cantones_id_canton, id_ciudad, nombre_ciudad) VALUES ('1113', '111355', 'ZAPOTILLO');
INSERT INTO enemdu.ciudades (cantones_id_canton, id_ciudad, nombre_ciudad) VALUES ('1113', '111356', 'ZAPOTILLO');
INSERT INTO enemdu.ciudades (cantones_id_canton, id_ciudad, nombre_ciudad) VALUES ('1114', '111450', 'PINDAL');
INSERT INTO enemdu.ciudades (cantones_id_canton, id_ciudad, nombre_ciudad) VALUES ('1114', '111451', 'PINDAL');
INSERT INTO enemdu.ciudades (cantones_id_canton, id_ciudad, nombre_ciudad) VALUES ('1114', '111452', 'PINDAL');
INSERT INTO enemdu.ciudades (cantones_id_canton, id_ciudad, nombre_ciudad) VALUES ('1114', '111453', 'PINDAL');
INSERT INTO enemdu.ciudades (cantones_id_canton, id_ciudad, nombre_ciudad) VALUES ('1115', '111550', 'QUILANGA');
INSERT INTO enemdu.ciudades (cantones_id_canton, id_ciudad, nombre_ciudad) VALUES ('1115', '111551', 'QUILANGA');
INSERT INTO enemdu.ciudades (cantones_id_canton, id_ciudad, nombre_ciudad) VALUES ('1115', '111552', 'QUILANGA');
INSERT INTO enemdu.ciudades (cantones_id_canton, id_ciudad, nombre_ciudad) VALUES ('1116', '111650', 'OLMEDO');
INSERT INTO enemdu.ciudades (cantones_id_canton, id_ciudad, nombre_ciudad) VALUES ('1116', '111651', 'OLMEDO');
INSERT INTO enemdu.ciudades (cantones_id_canton, id_ciudad, nombre_ciudad) VALUES ('1201', '120150', 'BABAHOYO');
INSERT INTO enemdu.ciudades (cantones_id_canton, id_ciudad, nombre_ciudad) VALUES ('1201', '120152', 'BABAHOYO');
INSERT INTO enemdu.ciudades (cantones_id_canton, id_ciudad, nombre_ciudad) VALUES ('1201', '120153', 'BABAHOYO');
INSERT INTO enemdu.ciudades (cantones_id_canton, id_ciudad, nombre_ciudad) VALUES ('1201', '120154', 'BABAHOYO');
INSERT INTO enemdu.ciudades (cantones_id_canton, id_ciudad, nombre_ciudad) VALUES ('1201', '120155', 'BABAHOYO');
INSERT INTO enemdu.ciudades (cantones_id_canton, id_ciudad, nombre_ciudad) VALUES ('1202', '120250', 'BABA');
INSERT INTO enemdu.ciudades (cantones_id_canton, id_ciudad, nombre_ciudad) VALUES ('1202', '120251', 'BABA');
INSERT INTO enemdu.ciudades (cantones_id_canton, id_ciudad, nombre_ciudad) VALUES ('1202', '120252', 'BABA');
INSERT INTO enemdu.ciudades (cantones_id_canton, id_ciudad, nombre_ciudad) VALUES ('1203', '120350', 'MONTALVO');
INSERT INTO enemdu.ciudades (cantones_id_canton, id_ciudad, nombre_ciudad) VALUES ('1203', '120351', 'MONTALVO');
INSERT INTO enemdu.ciudades (cantones_id_canton, id_ciudad, nombre_ciudad) VALUES ('1204', '120450', 'PUEBLOVIEJO');
INSERT INTO enemdu.ciudades (cantones_id_canton, id_ciudad, nombre_ciudad) VALUES ('1204', '120451', 'PUEBLOVIEJO');
INSERT INTO enemdu.ciudades (cantones_id_canton, id_ciudad, nombre_ciudad) VALUES ('1204', '120452', 'PUEBLOVIEJO');
INSERT INTO enemdu.ciudades (cantones_id_canton, id_ciudad, nombre_ciudad) VALUES ('1205', '120550', 'QUEVEDO');
INSERT INTO enemdu.ciudades (cantones_id_canton, id_ciudad, nombre_ciudad) VALUES ('1205', '120553', 'QUEVEDO');
INSERT INTO enemdu.ciudades (cantones_id_canton, id_ciudad, nombre_ciudad) VALUES ('1205', '120555', 'QUEVEDO');
INSERT INTO enemdu.ciudades (cantones_id_canton, id_ciudad, nombre_ciudad) VALUES ('1206', '120650', 'URDANETA');
INSERT INTO enemdu.ciudades (cantones_id_canton, id_ciudad, nombre_ciudad) VALUES ('1206', '120651', 'URDANETA');
INSERT INTO enemdu.ciudades (cantones_id_canton, id_ciudad, nombre_ciudad) VALUES ('1207', '120750', 'VENTANAS');
INSERT INTO enemdu.ciudades (cantones_id_canton, id_ciudad, nombre_ciudad) VALUES ('1207', '120752', 'VENTANAS');
INSERT INTO enemdu.ciudades (cantones_id_canton, id_ciudad, nombre_ciudad) VALUES ('1207', '120753', 'VENTANAS');
INSERT INTO enemdu.ciudades (cantones_id_canton, id_ciudad, nombre_ciudad) VALUES ('1207', '120754', 'VENTANAS');
INSERT INTO enemdu.ciudades (cantones_id_canton, id_ciudad, nombre_ciudad) VALUES ('1208', '120850', 'VINCES');
INSERT INTO enemdu.ciudades (cantones_id_canton, id_ciudad, nombre_ciudad) VALUES ('1208', '120851', 'VINCES');
INSERT INTO enemdu.ciudades (cantones_id_canton, id_ciudad, nombre_ciudad) VALUES ('1209', '120950', 'PALENQUE');
INSERT INTO enemdu.ciudades (cantones_id_canton, id_ciudad, nombre_ciudad) VALUES ('1210', '121050', 'BUENA FE');
INSERT INTO enemdu.ciudades (cantones_id_canton, id_ciudad, nombre_ciudad) VALUES ('1210', '121051', 'BUENA FE');
INSERT INTO enemdu.ciudades (cantones_id_canton, id_ciudad, nombre_ciudad) VALUES ('1211', '121150', 'VALENCIA');
INSERT INTO enemdu.ciudades (cantones_id_canton, id_ciudad, nombre_ciudad) VALUES ('1212', '121250', 'MOCACHE');
INSERT INTO enemdu.ciudades (cantones_id_canton, id_ciudad, nombre_ciudad) VALUES ('1213', '121350', 'QUINSALOMA');
INSERT INTO enemdu.ciudades (cantones_id_canton, id_ciudad, nombre_ciudad) VALUES ('1301', '130150', 'PORTOVIEJO');
INSERT INTO enemdu.ciudades (cantones_id_canton, id_ciudad, nombre_ciudad) VALUES ('1301', '130151', 'PORTOVIEJO');
INSERT INTO enemdu.ciudades (cantones_id_canton, id_ciudad, nombre_ciudad) VALUES ('1301', '130152', 'PORTOVIEJO');
INSERT INTO enemdu.ciudades (cantones_id_canton, id_ciudad, nombre_ciudad) VALUES ('1301', '130153', 'PORTOVIEJO');
INSERT INTO enemdu.ciudades (cantones_id_canton, id_ciudad, nombre_ciudad) VALUES ('1301', '130154', 'PORTOVIEJO');
INSERT INTO enemdu.ciudades (cantones_id_canton, id_ciudad, nombre_ciudad) VALUES ('1301', '130155', 'PORTOVIEJO');
INSERT INTO enemdu.ciudades (cantones_id_canton, id_ciudad, nombre_ciudad) VALUES ('1301', '130156', 'PORTOVIEJO');
INSERT INTO enemdu.ciudades (cantones_id_canton, id_ciudad, nombre_ciudad) VALUES ('1301', '130157', 'PORTOVIEJO');
INSERT INTO enemdu.ciudades (cantones_id_canton, id_ciudad, nombre_ciudad) VALUES ('1302', '130250', 'BOLÍVAR');
INSERT INTO enemdu.ciudades (cantones_id_canton, id_ciudad, nombre_ciudad) VALUES ('1302', '130251', 'BOLÍVAR');
INSERT INTO enemdu.ciudades (cantones_id_canton, id_ciudad, nombre_ciudad) VALUES ('1302', '130252', 'BOLÍVAR');
INSERT INTO enemdu.ciudades (cantones_id_canton, id_ciudad, nombre_ciudad) VALUES ('1303', '130350', 'CHONE');
INSERT INTO enemdu.ciudades (cantones_id_canton, id_ciudad, nombre_ciudad) VALUES ('1303', '130351', 'CHONE');
INSERT INTO enemdu.ciudades (cantones_id_canton, id_ciudad, nombre_ciudad) VALUES ('1303', '130352', 'CHONE');
INSERT INTO enemdu.ciudades (cantones_id_canton, id_ciudad, nombre_ciudad) VALUES ('1303', '130353', 'CHONE');
INSERT INTO enemdu.ciudades (cantones_id_canton, id_ciudad, nombre_ciudad) VALUES ('1303', '130354', 'CHONE');
INSERT INTO enemdu.ciudades (cantones_id_canton, id_ciudad, nombre_ciudad) VALUES ('1303', '130355', 'CHONE');
INSERT INTO enemdu.ciudades (cantones_id_canton, id_ciudad, nombre_ciudad) VALUES ('1303', '130356', 'CHONE');
INSERT INTO enemdu.ciudades (cantones_id_canton, id_ciudad, nombre_ciudad) VALUES ('1303', '130357', 'CHONE');
INSERT INTO enemdu.ciudades (cantones_id_canton, id_ciudad, nombre_ciudad) VALUES ('1304', '130450', 'EL CARMEN');
INSERT INTO enemdu.ciudades (cantones_id_canton, id_ciudad, nombre_ciudad) VALUES ('1304', '130451', 'EL CARMEN');
INSERT INTO enemdu.ciudades (cantones_id_canton, id_ciudad, nombre_ciudad) VALUES ('1304', '130452', 'EL CARMEN');
INSERT INTO enemdu.ciudades (cantones_id_canton, id_ciudad, nombre_ciudad) VALUES ('1304', '130453', 'EL CARMEN');
INSERT INTO enemdu.ciudades (cantones_id_canton, id_ciudad, nombre_ciudad) VALUES ('1304', '130454', 'EL CARMEN');
INSERT INTO enemdu.ciudades (cantones_id_canton, id_ciudad, nombre_ciudad) VALUES ('1305', '130550', 'FLAVIO ALFARO');
INSERT INTO enemdu.ciudades (cantones_id_canton, id_ciudad, nombre_ciudad) VALUES ('1305', '130551', 'FLAVIO ALFARO');
INSERT INTO enemdu.ciudades (cantones_id_canton, id_ciudad, nombre_ciudad) VALUES ('1305', '130552', 'FLAVIO ALFARO');
INSERT INTO enemdu.ciudades (cantones_id_canton, id_ciudad, nombre_ciudad) VALUES ('1306', '130650', 'JIPIJAPA');
INSERT INTO enemdu.ciudades (cantones_id_canton, id_ciudad, nombre_ciudad) VALUES ('1306', '130651', 'JIPIJAPA');
INSERT INTO enemdu.ciudades (cantones_id_canton, id_ciudad, nombre_ciudad) VALUES ('1306', '130652', 'JIPIJAPA');
INSERT INTO enemdu.ciudades (cantones_id_canton, id_ciudad, nombre_ciudad) VALUES ('1306', '130653', 'JIPIJAPA');
INSERT INTO enemdu.ciudades (cantones_id_canton, id_ciudad, nombre_ciudad) VALUES ('1306', '130654', 'JIPIJAPA');
INSERT INTO enemdu.ciudades (cantones_id_canton, id_ciudad, nombre_ciudad) VALUES ('1306', '130656', 'JIPIJAPA');
INSERT INTO enemdu.ciudades (cantones_id_canton, id_ciudad, nombre_ciudad) VALUES ('1306', '130657', 'JIPIJAPA');
INSERT INTO enemdu.ciudades (cantones_id_canton, id_ciudad, nombre_ciudad) VALUES ('1306', '130658', 'JIPIJAPA');
INSERT INTO enemdu.ciudades (cantones_id_canton, id_ciudad, nombre_ciudad) VALUES ('1307', '130750', 'JUNÍN');
INSERT INTO enemdu.ciudades (cantones_id_canton, id_ciudad, nombre_ciudad) VALUES ('1308', '130850', 'MANTA');
INSERT INTO enemdu.ciudades (cantones_id_canton, id_ciudad, nombre_ciudad) VALUES ('1308', '130851', 'MANTA');
INSERT INTO enemdu.ciudades (cantones_id_canton, id_ciudad, nombre_ciudad) VALUES ('1308', '130852', 'MANTA');
INSERT INTO enemdu.ciudades (cantones_id_canton, id_ciudad, nombre_ciudad) VALUES ('1309', '130950', 'MONTECRISTI');
INSERT INTO enemdu.ciudades (cantones_id_canton, id_ciudad, nombre_ciudad) VALUES ('1309', '130952', 'MONTECRISTI');
INSERT INTO enemdu.ciudades (cantones_id_canton, id_ciudad, nombre_ciudad) VALUES ('1310', '131050', 'PAJÁN');
INSERT INTO enemdu.ciudades (cantones_id_canton, id_ciudad, nombre_ciudad) VALUES ('1310', '131051', 'PAJÁN');
INSERT INTO enemdu.ciudades (cantones_id_canton, id_ciudad, nombre_ciudad) VALUES ('1310', '131052', 'PAJÁN');
INSERT INTO enemdu.ciudades (cantones_id_canton, id_ciudad, nombre_ciudad) VALUES ('1310', '131053', 'PAJÁN');
INSERT INTO enemdu.ciudades (cantones_id_canton, id_ciudad, nombre_ciudad) VALUES ('1310', '131054', 'PAJÁN');
INSERT INTO enemdu.ciudades (cantones_id_canton, id_ciudad, nombre_ciudad) VALUES ('1311', '131150', 'PICHINCHA');
INSERT INTO enemdu.ciudades (cantones_id_canton, id_ciudad, nombre_ciudad) VALUES ('1311', '131151', 'PICHINCHA');
INSERT INTO enemdu.ciudades (cantones_id_canton, id_ciudad, nombre_ciudad) VALUES ('1311', '131152', 'PICHINCHA');
INSERT INTO enemdu.ciudades (cantones_id_canton, id_ciudad, nombre_ciudad) VALUES ('1312', '131250', 'ROCAFUERTE');
INSERT INTO enemdu.ciudades (cantones_id_canton, id_ciudad, nombre_ciudad) VALUES ('1313', '131350', 'SANTA ANA');
INSERT INTO enemdu.ciudades (cantones_id_canton, id_ciudad, nombre_ciudad) VALUES ('1313', '131351', 'SANTA ANA');
INSERT INTO enemdu.ciudades (cantones_id_canton, id_ciudad, nombre_ciudad) VALUES ('1313', '131352', 'SANTA ANA');
INSERT INTO enemdu.ciudades (cantones_id_canton, id_ciudad, nombre_ciudad) VALUES ('1313', '131353', 'SANTA ANA');
INSERT INTO enemdu.ciudades (cantones_id_canton, id_ciudad, nombre_ciudad) VALUES ('1313', '131355', 'SANTA ANA');
INSERT INTO enemdu.ciudades (cantones_id_canton, id_ciudad, nombre_ciudad) VALUES ('1314', '131450', 'SUCRE');
INSERT INTO enemdu.ciudades (cantones_id_canton, id_ciudad, nombre_ciudad) VALUES ('1314', '131453', 'SUCRE');
INSERT INTO enemdu.ciudades (cantones_id_canton, id_ciudad, nombre_ciudad) VALUES ('1314', '131457', 'SUCRE');
INSERT INTO enemdu.ciudades (cantones_id_canton, id_ciudad, nombre_ciudad) VALUES ('1315', '131550', 'TOSAGUA');
INSERT INTO enemdu.ciudades (cantones_id_canton, id_ciudad, nombre_ciudad) VALUES ('1315', '131551', 'TOSAGUA');
INSERT INTO enemdu.ciudades (cantones_id_canton, id_ciudad, nombre_ciudad) VALUES ('1315', '131552', 'TOSAGUA');
INSERT INTO enemdu.ciudades (cantones_id_canton, id_ciudad, nombre_ciudad) VALUES ('1316', '131650', '24 DE MAYO');
INSERT INTO enemdu.ciudades (cantones_id_canton, id_ciudad, nombre_ciudad) VALUES ('1316', '131651', '24 DE MAYO');
INSERT INTO enemdu.ciudades (cantones_id_canton, id_ciudad, nombre_ciudad) VALUES ('1316', '131652', '24 DE MAYO');
INSERT INTO enemdu.ciudades (cantones_id_canton, id_ciudad, nombre_ciudad) VALUES ('1316', '131653', '24 DE MAYO');
INSERT INTO enemdu.ciudades (cantones_id_canton, id_ciudad, nombre_ciudad) VALUES ('1317', '131750', 'PEDERNALES');
INSERT INTO enemdu.ciudades (cantones_id_canton, id_ciudad, nombre_ciudad) VALUES ('1317', '131751', 'PEDERNALES');
INSERT INTO enemdu.ciudades (cantones_id_canton, id_ciudad, nombre_ciudad) VALUES ('1317', '131752', 'PEDERNALES');
INSERT INTO enemdu.ciudades (cantones_id_canton, id_ciudad, nombre_ciudad) VALUES ('1317', '131753', 'PEDERNALES');
INSERT INTO enemdu.ciudades (cantones_id_canton, id_ciudad, nombre_ciudad) VALUES ('1318', '131850', 'OLMEDO');
INSERT INTO enemdu.ciudades (cantones_id_canton, id_ciudad, nombre_ciudad) VALUES ('1319', '131950', 'PUERTO LÓPEZ');
INSERT INTO enemdu.ciudades (cantones_id_canton, id_ciudad, nombre_ciudad) VALUES ('1319', '131951', 'PUERTO LÓPEZ');
INSERT INTO enemdu.ciudades (cantones_id_canton, id_ciudad, nombre_ciudad) VALUES ('1319', '131952', 'PUERTO LÓPEZ');
INSERT INTO enemdu.ciudades (cantones_id_canton, id_ciudad, nombre_ciudad) VALUES ('1320', '132050', 'JAMA');
INSERT INTO enemdu.ciudades (cantones_id_canton, id_ciudad, nombre_ciudad) VALUES ('1321', '132150', 'JARAMIJÓ');
INSERT INTO enemdu.ciudades (cantones_id_canton, id_ciudad, nombre_ciudad) VALUES ('1322', '132250', 'SAN VICENTE');
INSERT INTO enemdu.ciudades (cantones_id_canton, id_ciudad, nombre_ciudad) VALUES ('1322', '132251', 'SAN VICENTE');
INSERT INTO enemdu.ciudades (cantones_id_canton, id_ciudad, nombre_ciudad) VALUES ('1401', '140150', 'MORONA');
INSERT INTO enemdu.ciudades (cantones_id_canton, id_ciudad, nombre_ciudad) VALUES ('1401', '140151', 'MORONA');
INSERT INTO enemdu.ciudades (cantones_id_canton, id_ciudad, nombre_ciudad) VALUES ('1401', '140153', 'MORONA');
INSERT INTO enemdu.ciudades (cantones_id_canton, id_ciudad, nombre_ciudad) VALUES ('1401', '140156', 'MORONA');
INSERT INTO enemdu.ciudades (cantones_id_canton, id_ciudad, nombre_ciudad) VALUES ('1401', '140157', 'MORONA');
INSERT INTO enemdu.ciudades (cantones_id_canton, id_ciudad, nombre_ciudad) VALUES ('1401', '140158', 'MORONA');
INSERT INTO enemdu.ciudades (cantones_id_canton, id_ciudad, nombre_ciudad) VALUES ('1401', '140160', 'MORONA');
INSERT INTO enemdu.ciudades (cantones_id_canton, id_ciudad, nombre_ciudad) VALUES ('1401', '140162', 'MORONA');
INSERT INTO enemdu.ciudades (cantones_id_canton, id_ciudad, nombre_ciudad) VALUES ('1401', '140164', 'MORONA');
INSERT INTO enemdu.ciudades (cantones_id_canton, id_ciudad, nombre_ciudad) VALUES ('1402', '140250', 'GUALAQUIZA');
INSERT INTO enemdu.ciudades (cantones_id_canton, id_ciudad, nombre_ciudad) VALUES ('1402', '140251', 'GUALAQUIZA');
INSERT INTO enemdu.ciudades (cantones_id_canton, id_ciudad, nombre_ciudad) VALUES ('1402', '140252', 'GUALAQUIZA');
INSERT INTO enemdu.ciudades (cantones_id_canton, id_ciudad, nombre_ciudad) VALUES ('1402', '140253', 'GUALAQUIZA');
INSERT INTO enemdu.ciudades (cantones_id_canton, id_ciudad, nombre_ciudad) VALUES ('1402', '140254', 'GUALAQUIZA');
INSERT INTO enemdu.ciudades (cantones_id_canton, id_ciudad, nombre_ciudad) VALUES ('1402', '140255', 'GUALAQUIZA');
INSERT INTO enemdu.ciudades (cantones_id_canton, id_ciudad, nombre_ciudad) VALUES ('1402', '140256', 'GUALAQUIZA');
INSERT INTO enemdu.ciudades (cantones_id_canton, id_ciudad, nombre_ciudad) VALUES ('1402', '140257', 'GUALAQUIZA');
INSERT INTO enemdu.ciudades (cantones_id_canton, id_ciudad, nombre_ciudad) VALUES ('1402', '140258', 'GUALAQUIZA');
INSERT INTO enemdu.ciudades (cantones_id_canton, id_ciudad, nombre_ciudad) VALUES ('1403', '140350', 'LIMÓN INDANZA');
INSERT INTO enemdu.ciudades (cantones_id_canton, id_ciudad, nombre_ciudad) VALUES ('1403', '140351', 'LIMÓN INDANZA');
INSERT INTO enemdu.ciudades (cantones_id_canton, id_ciudad, nombre_ciudad) VALUES ('1403', '140353', 'LIMÓN INDANZA');
INSERT INTO enemdu.ciudades (cantones_id_canton, id_ciudad, nombre_ciudad) VALUES ('1403', '140356', 'LIMÓN INDANZA');
INSERT INTO enemdu.ciudades (cantones_id_canton, id_ciudad, nombre_ciudad) VALUES ('1403', '140357', 'LIMÓN INDANZA');
INSERT INTO enemdu.ciudades (cantones_id_canton, id_ciudad, nombre_ciudad) VALUES ('1403', '140358', 'LIMÓN INDANZA');
INSERT INTO enemdu.ciudades (cantones_id_canton, id_ciudad, nombre_ciudad) VALUES ('1404', '140450', 'PALORA');
INSERT INTO enemdu.ciudades (cantones_id_canton, id_ciudad, nombre_ciudad) VALUES ('1404', '140451', 'PALORA');
INSERT INTO enemdu.ciudades (cantones_id_canton, id_ciudad, nombre_ciudad) VALUES ('1404', '140452', 'PALORA');
INSERT INTO enemdu.ciudades (cantones_id_canton, id_ciudad, nombre_ciudad) VALUES ('1404', '140454', 'PALORA');
INSERT INTO enemdu.ciudades (cantones_id_canton, id_ciudad, nombre_ciudad) VALUES ('1404', '140455', 'PALORA');
INSERT INTO enemdu.ciudades (cantones_id_canton, id_ciudad, nombre_ciudad) VALUES ('1405', '140550', 'SANTIAGO');
INSERT INTO enemdu.ciudades (cantones_id_canton, id_ciudad, nombre_ciudad) VALUES ('1405', '140551', 'SANTIAGO');
INSERT INTO enemdu.ciudades (cantones_id_canton, id_ciudad, nombre_ciudad) VALUES ('1405', '140552', 'SANTIAGO');
INSERT INTO enemdu.ciudades (cantones_id_canton, id_ciudad, nombre_ciudad) VALUES ('1405', '140553', 'SANTIAGO');
INSERT INTO enemdu.ciudades (cantones_id_canton, id_ciudad, nombre_ciudad) VALUES ('1405', '140554', 'SANTIAGO');
INSERT INTO enemdu.ciudades (cantones_id_canton, id_ciudad, nombre_ciudad) VALUES ('1405', '140556', 'SANTIAGO');
INSERT INTO enemdu.ciudades (cantones_id_canton, id_ciudad, nombre_ciudad) VALUES ('1405', '140557', 'SANTIAGO');
INSERT INTO enemdu.ciudades (cantones_id_canton, id_ciudad, nombre_ciudad) VALUES ('1406', '140650', 'SUCÚA');
INSERT INTO enemdu.ciudades (cantones_id_canton, id_ciudad, nombre_ciudad) VALUES ('1406', '140651', 'SUCÚA');
INSERT INTO enemdu.ciudades (cantones_id_canton, id_ciudad, nombre_ciudad) VALUES ('1406', '140652', 'SUCÚA');
INSERT INTO enemdu.ciudades (cantones_id_canton, id_ciudad, nombre_ciudad) VALUES ('1406', '140655', 'SUCÚA');
INSERT INTO enemdu.ciudades (cantones_id_canton, id_ciudad, nombre_ciudad) VALUES ('1407', '140750', 'HUAMBOYA');
INSERT INTO enemdu.ciudades (cantones_id_canton, id_ciudad, nombre_ciudad) VALUES ('1407', '140751', 'HUAMBOYA');
INSERT INTO enemdu.ciudades (cantones_id_canton, id_ciudad, nombre_ciudad) VALUES ('1408', '140850', 'SAN JUAN BOSCO');
INSERT INTO enemdu.ciudades (cantones_id_canton, id_ciudad, nombre_ciudad) VALUES ('1408', '140851', 'SAN JUAN BOSCO');
INSERT INTO enemdu.ciudades (cantones_id_canton, id_ciudad, nombre_ciudad) VALUES ('1408', '140852', 'SAN JUAN BOSCO');
INSERT INTO enemdu.ciudades (cantones_id_canton, id_ciudad, nombre_ciudad) VALUES ('1408', '140853', 'SAN JUAN BOSCO');
INSERT INTO enemdu.ciudades (cantones_id_canton, id_ciudad, nombre_ciudad) VALUES ('1408', '140854', 'SAN JUAN BOSCO');
INSERT INTO enemdu.ciudades (cantones_id_canton, id_ciudad, nombre_ciudad) VALUES ('1409', '140950', 'TAISHA');
INSERT INTO enemdu.ciudades (cantones_id_canton, id_ciudad, nombre_ciudad) VALUES ('1409', '140951', 'TAISHA');
INSERT INTO enemdu.ciudades (cantones_id_canton, id_ciudad, nombre_ciudad) VALUES ('1409', '140952', 'TAISHA');
INSERT INTO enemdu.ciudades (cantones_id_canton, id_ciudad, nombre_ciudad) VALUES ('1409', '140953', 'TAISHA');
INSERT INTO enemdu.ciudades (cantones_id_canton, id_ciudad, nombre_ciudad) VALUES ('1409', '140954', 'TAISHA');
INSERT INTO enemdu.ciudades (cantones_id_canton, id_ciudad, nombre_ciudad) VALUES ('1410', '141050', 'LOGROÑO');
INSERT INTO enemdu.ciudades (cantones_id_canton, id_ciudad, nombre_ciudad) VALUES ('1410', '141051', 'LOGROÑO');
INSERT INTO enemdu.ciudades (cantones_id_canton, id_ciudad, nombre_ciudad) VALUES ('1410', '141052', 'LOGROÑO');
INSERT INTO enemdu.ciudades (cantones_id_canton, id_ciudad, nombre_ciudad) VALUES ('1411', '141150', 'PABLO SEXTO');
INSERT INTO enemdu.ciudades (cantones_id_canton, id_ciudad, nombre_ciudad) VALUES ('1412', '141250', 'TIWINTZA');
INSERT INTO enemdu.ciudades (cantones_id_canton, id_ciudad, nombre_ciudad) VALUES ('1412', '141251', 'TIWINTZA');
INSERT INTO enemdu.ciudades (cantones_id_canton, id_ciudad, nombre_ciudad) VALUES ('1501', '150150', 'TENA');
INSERT INTO enemdu.ciudades (cantones_id_canton, id_ciudad, nombre_ciudad) VALUES ('1501', '150151', 'TENA');
INSERT INTO enemdu.ciudades (cantones_id_canton, id_ciudad, nombre_ciudad) VALUES ('1501', '150153', 'TENA');
INSERT INTO enemdu.ciudades (cantones_id_canton, id_ciudad, nombre_ciudad) VALUES ('1501', '150154', 'TENA');
INSERT INTO enemdu.ciudades (cantones_id_canton, id_ciudad, nombre_ciudad) VALUES ('1501', '150155', 'TENA');
INSERT INTO enemdu.ciudades (cantones_id_canton, id_ciudad, nombre_ciudad) VALUES ('1501', '150156', 'TENA');
INSERT INTO enemdu.ciudades (cantones_id_canton, id_ciudad, nombre_ciudad) VALUES ('1501', '150157', 'TENA');
INSERT INTO enemdu.ciudades (cantones_id_canton, id_ciudad, nombre_ciudad) VALUES ('1501', '150158', 'TENA');
INSERT INTO enemdu.ciudades (cantones_id_canton, id_ciudad, nombre_ciudad) VALUES ('1503', '150350', 'ARCHIDONA');
INSERT INTO enemdu.ciudades (cantones_id_canton, id_ciudad, nombre_ciudad) VALUES ('1503', '150352', 'ARCHIDONA');
INSERT INTO enemdu.ciudades (cantones_id_canton, id_ciudad, nombre_ciudad) VALUES ('1503', '150354', 'ARCHIDONA');
INSERT INTO enemdu.ciudades (cantones_id_canton, id_ciudad, nombre_ciudad) VALUES ('1503', '150356', 'ARCHIDONA');
INSERT INTO enemdu.ciudades (cantones_id_canton, id_ciudad, nombre_ciudad) VALUES ('1504', '150450', 'EL CHACO');
INSERT INTO enemdu.ciudades (cantones_id_canton, id_ciudad, nombre_ciudad) VALUES ('1504', '150451', 'EL CHACO');
INSERT INTO enemdu.ciudades (cantones_id_canton, id_ciudad, nombre_ciudad) VALUES ('1504', '150452', 'EL CHACO');
INSERT INTO enemdu.ciudades (cantones_id_canton, id_ciudad, nombre_ciudad) VALUES ('1504', '150453', 'EL CHACO');
INSERT INTO enemdu.ciudades (cantones_id_canton, id_ciudad, nombre_ciudad) VALUES ('1504', '150454', 'EL CHACO');
INSERT INTO enemdu.ciudades (cantones_id_canton, id_ciudad, nombre_ciudad) VALUES ('1504', '150455', 'EL CHACO');
INSERT INTO enemdu.ciudades (cantones_id_canton, id_ciudad, nombre_ciudad) VALUES ('1507', '150750', 'QUIJOS');
INSERT INTO enemdu.ciudades (cantones_id_canton, id_ciudad, nombre_ciudad) VALUES ('1507', '150751', 'QUIJOS');
INSERT INTO enemdu.ciudades (cantones_id_canton, id_ciudad, nombre_ciudad) VALUES ('1507', '150752', 'QUIJOS');
INSERT INTO enemdu.ciudades (cantones_id_canton, id_ciudad, nombre_ciudad) VALUES ('1507', '150753', 'QUIJOS');
INSERT INTO enemdu.ciudades (cantones_id_canton, id_ciudad, nombre_ciudad) VALUES ('1507', '150754', 'QUIJOS');
INSERT INTO enemdu.ciudades (cantones_id_canton, id_ciudad, nombre_ciudad) VALUES ('1507', '150756', 'QUIJOS');
INSERT INTO enemdu.ciudades (cantones_id_canton, id_ciudad, nombre_ciudad) VALUES ('1509', '150950', 'CARLOS JULIO AROSEMENA TOLA');
INSERT INTO enemdu.ciudades (cantones_id_canton, id_ciudad, nombre_ciudad) VALUES ('1601', '160150', 'PASTAZA');
INSERT INTO enemdu.ciudades (cantones_id_canton, id_ciudad, nombre_ciudad) VALUES ('1601', '160152', 'PASTAZA');
INSERT INTO enemdu.ciudades (cantones_id_canton, id_ciudad, nombre_ciudad) VALUES ('1601', '160154', 'PASTAZA');
INSERT INTO enemdu.ciudades (cantones_id_canton, id_ciudad, nombre_ciudad) VALUES ('1601', '160155', 'PASTAZA');
INSERT INTO enemdu.ciudades (cantones_id_canton, id_ciudad, nombre_ciudad) VALUES ('1601', '160156', 'PASTAZA');
INSERT INTO enemdu.ciudades (cantones_id_canton, id_ciudad, nombre_ciudad) VALUES ('1601', '160157', 'PASTAZA');
INSERT INTO enemdu.ciudades (cantones_id_canton, id_ciudad, nombre_ciudad) VALUES ('1601', '160158', 'PASTAZA');
INSERT INTO enemdu.ciudades (cantones_id_canton, id_ciudad, nombre_ciudad) VALUES ('1601', '160159', 'PASTAZA');
INSERT INTO enemdu.ciudades (cantones_id_canton, id_ciudad, nombre_ciudad) VALUES ('1601', '160161', 'PASTAZA');
INSERT INTO enemdu.ciudades (cantones_id_canton, id_ciudad, nombre_ciudad) VALUES ('1601', '160162', 'PASTAZA');
INSERT INTO enemdu.ciudades (cantones_id_canton, id_ciudad, nombre_ciudad) VALUES ('1601', '160163', 'PASTAZA');
INSERT INTO enemdu.ciudades (cantones_id_canton, id_ciudad, nombre_ciudad) VALUES ('1601', '160164', 'PASTAZA');
INSERT INTO enemdu.ciudades (cantones_id_canton, id_ciudad, nombre_ciudad) VALUES ('1601', '160165', 'PASTAZA');
INSERT INTO enemdu.ciudades (cantones_id_canton, id_ciudad, nombre_ciudad) VALUES ('1601', '160166', 'PASTAZA');
INSERT INTO enemdu.ciudades (cantones_id_canton, id_ciudad, nombre_ciudad) VALUES ('1602', '160250', 'MERA');
INSERT INTO enemdu.ciudades (cantones_id_canton, id_ciudad, nombre_ciudad) VALUES ('1602', '160251', 'MERA');
INSERT INTO enemdu.ciudades (cantones_id_canton, id_ciudad, nombre_ciudad) VALUES ('1602', '160252', 'MERA');
INSERT INTO enemdu.ciudades (cantones_id_canton, id_ciudad, nombre_ciudad) VALUES ('1603', '160350', 'SANTA CLARA');
INSERT INTO enemdu.ciudades (cantones_id_canton, id_ciudad, nombre_ciudad) VALUES ('1603', '160351', 'SANTA CLARA');
INSERT INTO enemdu.ciudades (cantones_id_canton, id_ciudad, nombre_ciudad) VALUES ('1604', '160450', 'ARAJUNO');
INSERT INTO enemdu.ciudades (cantones_id_canton, id_ciudad, nombre_ciudad) VALUES ('1604', '160451', 'ARAJUNO');
INSERT INTO enemdu.ciudades (cantones_id_canton, id_ciudad, nombre_ciudad) VALUES ('1701', '170150', 'DISTRITO METROPOLITANO DE QUITO');
INSERT INTO enemdu.ciudades (cantones_id_canton, id_ciudad, nombre_ciudad) VALUES ('1701', '170151', 'DISTRITO METROPOLITANO DE QUITO');
INSERT INTO enemdu.ciudades (cantones_id_canton, id_ciudad, nombre_ciudad) VALUES ('1701', '170152', 'DISTRITO METROPOLITANO DE QUITO');
INSERT INTO enemdu.ciudades (cantones_id_canton, id_ciudad, nombre_ciudad) VALUES ('1701', '170153', 'DISTRITO METROPOLITANO DE QUITO');
INSERT INTO enemdu.ciudades (cantones_id_canton, id_ciudad, nombre_ciudad) VALUES ('1701', '170154', 'DISTRITO METROPOLITANO DE QUITO');
INSERT INTO enemdu.ciudades (cantones_id_canton, id_ciudad, nombre_ciudad) VALUES ('1701', '170155', 'DISTRITO METROPOLITANO DE QUITO');
INSERT INTO enemdu.ciudades (cantones_id_canton, id_ciudad, nombre_ciudad) VALUES ('1701', '170156', 'DISTRITO METROPOLITANO DE QUITO');
INSERT INTO enemdu.ciudades (cantones_id_canton, id_ciudad, nombre_ciudad) VALUES ('1701', '170157', 'DISTRITO METROPOLITANO DE QUITO');
INSERT INTO enemdu.ciudades (cantones_id_canton, id_ciudad, nombre_ciudad) VALUES ('1701', '170158', 'DISTRITO METROPOLITANO DE QUITO');
INSERT INTO enemdu.ciudades (cantones_id_canton, id_ciudad, nombre_ciudad) VALUES ('1701', '170159', 'DISTRITO METROPOLITANO DE QUITO');
INSERT INTO enemdu.ciudades (cantones_id_canton, id_ciudad, nombre_ciudad) VALUES ('1701', '170160', 'DISTRITO METROPOLITANO DE QUITO');
INSERT INTO enemdu.ciudades (cantones_id_canton, id_ciudad, nombre_ciudad) VALUES ('1701', '170161', 'DISTRITO METROPOLITANO DE QUITO');
INSERT INTO enemdu.ciudades (cantones_id_canton, id_ciudad, nombre_ciudad) VALUES ('1701', '170162', 'DISTRITO METROPOLITANO DE QUITO');
INSERT INTO enemdu.ciudades (cantones_id_canton, id_ciudad, nombre_ciudad) VALUES ('1701', '170163', 'DISTRITO METROPOLITANO DE QUITO');
INSERT INTO enemdu.ciudades (cantones_id_canton, id_ciudad, nombre_ciudad) VALUES ('1701', '170164', 'DISTRITO METROPOLITANO DE QUITO');
INSERT INTO enemdu.ciudades (cantones_id_canton, id_ciudad, nombre_ciudad) VALUES ('1701', '170165', 'DISTRITO METROPOLITANO DE QUITO');
INSERT INTO enemdu.ciudades (cantones_id_canton, id_ciudad, nombre_ciudad) VALUES ('1701', '170166', 'DISTRITO METROPOLITANO DE QUITO');
INSERT INTO enemdu.ciudades (cantones_id_canton, id_ciudad, nombre_ciudad) VALUES ('1701', '170168', 'DISTRITO METROPOLITANO DE QUITO');
INSERT INTO enemdu.ciudades (cantones_id_canton, id_ciudad, nombre_ciudad) VALUES ('1701', '170169', 'DISTRITO METROPOLITANO DE QUITO');
INSERT INTO enemdu.ciudades (cantones_id_canton, id_ciudad, nombre_ciudad) VALUES ('1701', '170170', 'DISTRITO METROPOLITANO DE QUITO');
INSERT INTO enemdu.ciudades (cantones_id_canton, id_ciudad, nombre_ciudad) VALUES ('1701', '170171', 'DISTRITO METROPOLITANO DE QUITO');
INSERT INTO enemdu.ciudades (cantones_id_canton, id_ciudad, nombre_ciudad) VALUES ('1701', '170172', 'DISTRITO METROPOLITANO DE QUITO');
INSERT INTO enemdu.ciudades (cantones_id_canton, id_ciudad, nombre_ciudad) VALUES ('1701', '170174', 'DISTRITO METROPOLITANO DE QUITO');
INSERT INTO enemdu.ciudades (cantones_id_canton, id_ciudad, nombre_ciudad) VALUES ('1701', '170175', 'DISTRITO METROPOLITANO DE QUITO');
INSERT INTO enemdu.ciudades (cantones_id_canton, id_ciudad, nombre_ciudad) VALUES ('1701', '170176', 'DISTRITO METROPOLITANO DE QUITO');
INSERT INTO enemdu.ciudades (cantones_id_canton, id_ciudad, nombre_ciudad) VALUES ('1701', '170177', 'DISTRITO METROPOLITANO DE QUITO');
INSERT INTO enemdu.ciudades (cantones_id_canton, id_ciudad, nombre_ciudad) VALUES ('1701', '170178', 'DISTRITO METROPOLITANO DE QUITO');
INSERT INTO enemdu.ciudades (cantones_id_canton, id_ciudad, nombre_ciudad) VALUES ('1701', '170179', 'DISTRITO METROPOLITANO DE QUITO');
INSERT INTO enemdu.ciudades (cantones_id_canton, id_ciudad, nombre_ciudad) VALUES ('1701', '170180', 'DISTRITO METROPOLITANO DE QUITO');
INSERT INTO enemdu.ciudades (cantones_id_canton, id_ciudad, nombre_ciudad) VALUES ('1701', '170181', 'DISTRITO METROPOLITANO DE QUITO');
INSERT INTO enemdu.ciudades (cantones_id_canton, id_ciudad, nombre_ciudad) VALUES ('1701', '170183', 'DISTRITO METROPOLITANO DE QUITO');
INSERT INTO enemdu.ciudades (cantones_id_canton, id_ciudad, nombre_ciudad) VALUES ('1701', '170184', 'DISTRITO METROPOLITANO DE QUITO');
INSERT INTO enemdu.ciudades (cantones_id_canton, id_ciudad, nombre_ciudad) VALUES ('1701', '170185', 'DISTRITO METROPOLITANO DE QUITO');
INSERT INTO enemdu.ciudades (cantones_id_canton, id_ciudad, nombre_ciudad) VALUES ('1701', '170186', 'DISTRITO METROPOLITANO DE QUITO');
INSERT INTO enemdu.ciudades (cantones_id_canton, id_ciudad, nombre_ciudad) VALUES ('1702', '170250', 'CAYAMBE');
INSERT INTO enemdu.ciudades (cantones_id_canton, id_ciudad, nombre_ciudad) VALUES ('1702', '170251', 'CAYAMBE');
INSERT INTO enemdu.ciudades (cantones_id_canton, id_ciudad, nombre_ciudad) VALUES ('1702', '170252', 'CAYAMBE');
INSERT INTO enemdu.ciudades (cantones_id_canton, id_ciudad, nombre_ciudad) VALUES ('1702', '170253', 'CAYAMBE');
INSERT INTO enemdu.ciudades (cantones_id_canton, id_ciudad, nombre_ciudad) VALUES ('1702', '170254', 'CAYAMBE');
INSERT INTO enemdu.ciudades (cantones_id_canton, id_ciudad, nombre_ciudad) VALUES ('1702', '170255', 'CAYAMBE');
INSERT INTO enemdu.ciudades (cantones_id_canton, id_ciudad, nombre_ciudad) VALUES ('1702', '170256', 'CAYAMBE');
INSERT INTO enemdu.ciudades (cantones_id_canton, id_ciudad, nombre_ciudad) VALUES ('1703', '170350', 'MEJÍA');
INSERT INTO enemdu.ciudades (cantones_id_canton, id_ciudad, nombre_ciudad) VALUES ('1703', '170351', 'MEJÍA');
INSERT INTO enemdu.ciudades (cantones_id_canton, id_ciudad, nombre_ciudad) VALUES ('1703', '170352', 'MEJÍA');
INSERT INTO enemdu.ciudades (cantones_id_canton, id_ciudad, nombre_ciudad) VALUES ('1703', '170353', 'MEJÍA');
INSERT INTO enemdu.ciudades (cantones_id_canton, id_ciudad, nombre_ciudad) VALUES ('1703', '170354', 'MEJÍA');
INSERT INTO enemdu.ciudades (cantones_id_canton, id_ciudad, nombre_ciudad) VALUES ('1703', '170355', 'MEJÍA');
INSERT INTO enemdu.ciudades (cantones_id_canton, id_ciudad, nombre_ciudad) VALUES ('1703', '170356', 'MEJÍA');
INSERT INTO enemdu.ciudades (cantones_id_canton, id_ciudad, nombre_ciudad) VALUES ('1703', '170357', 'MEJÍA');
INSERT INTO enemdu.ciudades (cantones_id_canton, id_ciudad, nombre_ciudad) VALUES ('1704', '170450', 'PEDRO MONCAYO');
INSERT INTO enemdu.ciudades (cantones_id_canton, id_ciudad, nombre_ciudad) VALUES ('1704', '170451', 'PEDRO MONCAYO');
INSERT INTO enemdu.ciudades (cantones_id_canton, id_ciudad, nombre_ciudad) VALUES ('1704', '170452', 'PEDRO MONCAYO');
INSERT INTO enemdu.ciudades (cantones_id_canton, id_ciudad, nombre_ciudad) VALUES ('1704', '170453', 'PEDRO MONCAYO');
INSERT INTO enemdu.ciudades (cantones_id_canton, id_ciudad, nombre_ciudad) VALUES ('1704', '170454', 'PEDRO MONCAYO');
INSERT INTO enemdu.ciudades (cantones_id_canton, id_ciudad, nombre_ciudad) VALUES ('1705', '170550', 'RUMIÑAHUI');
INSERT INTO enemdu.ciudades (cantones_id_canton, id_ciudad, nombre_ciudad) VALUES ('1705', '170551', 'RUMIÑAHUI');
INSERT INTO enemdu.ciudades (cantones_id_canton, id_ciudad, nombre_ciudad) VALUES ('1705', '170552', 'RUMIÑAHUI');
INSERT INTO enemdu.ciudades (cantones_id_canton, id_ciudad, nombre_ciudad) VALUES ('1707', '170750', 'SAN MIGUEL DE LOS BANCOS');
INSERT INTO enemdu.ciudades (cantones_id_canton, id_ciudad, nombre_ciudad) VALUES ('1707', '170751', 'SAN MIGUEL DE LOS BANCOS');
INSERT INTO enemdu.ciudades (cantones_id_canton, id_ciudad, nombre_ciudad) VALUES ('1708', '170850', 'PEDRO VICENTE MALDONADO');
INSERT INTO enemdu.ciudades (cantones_id_canton, id_ciudad, nombre_ciudad) VALUES ('1709', '170950', 'PUERTO QUITO');
INSERT INTO enemdu.ciudades (cantones_id_canton, id_ciudad, nombre_ciudad) VALUES ('1801', '180150', 'AMBATO');
INSERT INTO enemdu.ciudades (cantones_id_canton, id_ciudad, nombre_ciudad) VALUES ('1801', '180151', 'AMBATO');
INSERT INTO enemdu.ciudades (cantones_id_canton, id_ciudad, nombre_ciudad) VALUES ('1801', '180152', 'AMBATO');
INSERT INTO enemdu.ciudades (cantones_id_canton, id_ciudad, nombre_ciudad) VALUES ('1801', '180153', 'AMBATO');
INSERT INTO enemdu.ciudades (cantones_id_canton, id_ciudad, nombre_ciudad) VALUES ('1801', '180154', 'AMBATO');
INSERT INTO enemdu.ciudades (cantones_id_canton, id_ciudad, nombre_ciudad) VALUES ('1801', '180155', 'AMBATO');
INSERT INTO enemdu.ciudades (cantones_id_canton, id_ciudad, nombre_ciudad) VALUES ('1801', '180156', 'AMBATO');
INSERT INTO enemdu.ciudades (cantones_id_canton, id_ciudad, nombre_ciudad) VALUES ('1801', '180157', 'AMBATO');
INSERT INTO enemdu.ciudades (cantones_id_canton, id_ciudad, nombre_ciudad) VALUES ('1801', '180158', 'AMBATO');
INSERT INTO enemdu.ciudades (cantones_id_canton, id_ciudad, nombre_ciudad) VALUES ('1801', '180159', 'AMBATO');
INSERT INTO enemdu.ciudades (cantones_id_canton, id_ciudad, nombre_ciudad) VALUES ('1801', '180160', 'AMBATO');
INSERT INTO enemdu.ciudades (cantones_id_canton, id_ciudad, nombre_ciudad) VALUES ('1801', '180161', 'AMBATO');
INSERT INTO enemdu.ciudades (cantones_id_canton, id_ciudad, nombre_ciudad) VALUES ('1801', '180162', 'AMBATO');
INSERT INTO enemdu.ciudades (cantones_id_canton, id_ciudad, nombre_ciudad) VALUES ('1801', '180163', 'AMBATO');
INSERT INTO enemdu.ciudades (cantones_id_canton, id_ciudad, nombre_ciudad) VALUES ('1801', '180164', 'AMBATO');
INSERT INTO enemdu.ciudades (cantones_id_canton, id_ciudad, nombre_ciudad) VALUES ('1801', '180165', 'AMBATO');
INSERT INTO enemdu.ciudades (cantones_id_canton, id_ciudad, nombre_ciudad) VALUES ('1801', '180166', 'AMBATO');
INSERT INTO enemdu.ciudades (cantones_id_canton, id_ciudad, nombre_ciudad) VALUES ('1801', '180167', 'AMBATO');
INSERT INTO enemdu.ciudades (cantones_id_canton, id_ciudad, nombre_ciudad) VALUES ('1801', '180168', 'AMBATO');
INSERT INTO enemdu.ciudades (cantones_id_canton, id_ciudad, nombre_ciudad) VALUES ('1802', '180250', 'BAÑOS DE AGUA SANTA');
INSERT INTO enemdu.ciudades (cantones_id_canton, id_ciudad, nombre_ciudad) VALUES ('1802', '180251', 'BAÑOS DE AGUA SANTA');
INSERT INTO enemdu.ciudades (cantones_id_canton, id_ciudad, nombre_ciudad) VALUES ('1802', '180252', 'BAÑOS DE AGUA SANTA');
INSERT INTO enemdu.ciudades (cantones_id_canton, id_ciudad, nombre_ciudad) VALUES ('1802', '180253', 'BAÑOS DE AGUA SANTA');
INSERT INTO enemdu.ciudades (cantones_id_canton, id_ciudad, nombre_ciudad) VALUES ('1802', '180254', 'BAÑOS DE AGUA SANTA');
INSERT INTO enemdu.ciudades (cantones_id_canton, id_ciudad, nombre_ciudad) VALUES ('1803', '180350', 'CEVALLOS');
INSERT INTO enemdu.ciudades (cantones_id_canton, id_ciudad, nombre_ciudad) VALUES ('1804', '180450', 'MOCHA');
INSERT INTO enemdu.ciudades (cantones_id_canton, id_ciudad, nombre_ciudad) VALUES ('1804', '180451', 'MOCHA');
INSERT INTO enemdu.ciudades (cantones_id_canton, id_ciudad, nombre_ciudad) VALUES ('1805', '180550', 'PATATE');
INSERT INTO enemdu.ciudades (cantones_id_canton, id_ciudad, nombre_ciudad) VALUES ('1805', '180551', 'PATATE');
INSERT INTO enemdu.ciudades (cantones_id_canton, id_ciudad, nombre_ciudad) VALUES ('1805', '180552', 'PATATE');
INSERT INTO enemdu.ciudades (cantones_id_canton, id_ciudad, nombre_ciudad) VALUES ('1805', '180553', 'PATATE');
INSERT INTO enemdu.ciudades (cantones_id_canton, id_ciudad, nombre_ciudad) VALUES ('1806', '180650', 'QUERO');
INSERT INTO enemdu.ciudades (cantones_id_canton, id_ciudad, nombre_ciudad) VALUES ('1806', '180651', 'QUERO');
INSERT INTO enemdu.ciudades (cantones_id_canton, id_ciudad, nombre_ciudad) VALUES ('1806', '180652', 'QUERO');
INSERT INTO enemdu.ciudades (cantones_id_canton, id_ciudad, nombre_ciudad) VALUES ('1807', '180750', 'SAN PEDRO DE PELILEO');
INSERT INTO enemdu.ciudades (cantones_id_canton, id_ciudad, nombre_ciudad) VALUES ('1807', '180751', 'SAN PEDRO DE PELILEO');
INSERT INTO enemdu.ciudades (cantones_id_canton, id_ciudad, nombre_ciudad) VALUES ('1807', '180752', 'SAN PEDRO DE PELILEO');
INSERT INTO enemdu.ciudades (cantones_id_canton, id_ciudad, nombre_ciudad) VALUES ('1807', '180753', 'SAN PEDRO DE PELILEO');
INSERT INTO enemdu.ciudades (cantones_id_canton, id_ciudad, nombre_ciudad) VALUES ('1807', '180754', 'SAN PEDRO DE PELILEO');
INSERT INTO enemdu.ciudades (cantones_id_canton, id_ciudad, nombre_ciudad) VALUES ('1807', '180755', 'SAN PEDRO DE PELILEO');
INSERT INTO enemdu.ciudades (cantones_id_canton, id_ciudad, nombre_ciudad) VALUES ('1807', '180756', 'SAN PEDRO DE PELILEO');
INSERT INTO enemdu.ciudades (cantones_id_canton, id_ciudad, nombre_ciudad) VALUES ('1807', '180757', 'SAN PEDRO DE PELILEO');
INSERT INTO enemdu.ciudades (cantones_id_canton, id_ciudad, nombre_ciudad) VALUES ('1807', '180758', 'SAN PEDRO DE PELILEO');
INSERT INTO enemdu.ciudades (cantones_id_canton, id_ciudad, nombre_ciudad) VALUES ('1808', '180850', 'SANTIAGO DE PÍLLARO');
INSERT INTO enemdu.ciudades (cantones_id_canton, id_ciudad, nombre_ciudad) VALUES ('1808', '180851', 'SANTIAGO DE PÍLLARO');
INSERT INTO enemdu.ciudades (cantones_id_canton, id_ciudad, nombre_ciudad) VALUES ('1808', '180852', 'SANTIAGO DE PÍLLARO');
INSERT INTO enemdu.ciudades (cantones_id_canton, id_ciudad, nombre_ciudad) VALUES ('1808', '180853', 'SANTIAGO DE PÍLLARO');
INSERT INTO enemdu.ciudades (cantones_id_canton, id_ciudad, nombre_ciudad) VALUES ('1808', '180854', 'SANTIAGO DE PÍLLARO');
INSERT INTO enemdu.ciudades (cantones_id_canton, id_ciudad, nombre_ciudad) VALUES ('1808', '180855', 'SANTIAGO DE PÍLLARO');
INSERT INTO enemdu.ciudades (cantones_id_canton, id_ciudad, nombre_ciudad) VALUES ('1808', '180856', 'SANTIAGO DE PÍLLARO');
INSERT INTO enemdu.ciudades (cantones_id_canton, id_ciudad, nombre_ciudad) VALUES ('1808', '180857', 'SANTIAGO DE PÍLLARO');
INSERT INTO enemdu.ciudades (cantones_id_canton, id_ciudad, nombre_ciudad) VALUES ('1809', '180950', 'TISALEO');
INSERT INTO enemdu.ciudades (cantones_id_canton, id_ciudad, nombre_ciudad) VALUES ('1809', '180951', 'TISALEO');
INSERT INTO enemdu.ciudades (cantones_id_canton, id_ciudad, nombre_ciudad) VALUES ('1901', '190150', 'ZAMORA');
INSERT INTO enemdu.ciudades (cantones_id_canton, id_ciudad, nombre_ciudad) VALUES ('1901', '190151', 'ZAMORA');
INSERT INTO enemdu.ciudades (cantones_id_canton, id_ciudad, nombre_ciudad) VALUES ('1901', '190152', 'ZAMORA');
INSERT INTO enemdu.ciudades (cantones_id_canton, id_ciudad, nombre_ciudad) VALUES ('1901', '190153', 'ZAMORA');
INSERT INTO enemdu.ciudades (cantones_id_canton, id_ciudad, nombre_ciudad) VALUES ('1901', '190155', 'ZAMORA');
INSERT INTO enemdu.ciudades (cantones_id_canton, id_ciudad, nombre_ciudad) VALUES ('1901', '190156', 'ZAMORA');
INSERT INTO enemdu.ciudades (cantones_id_canton, id_ciudad, nombre_ciudad) VALUES ('1901', '190158', 'ZAMORA');
INSERT INTO enemdu.ciudades (cantones_id_canton, id_ciudad, nombre_ciudad) VALUES ('1902', '190250', 'CHINCHIPE');
INSERT INTO enemdu.ciudades (cantones_id_canton, id_ciudad, nombre_ciudad) VALUES ('1902', '190251', 'CHINCHIPE');
INSERT INTO enemdu.ciudades (cantones_id_canton, id_ciudad, nombre_ciudad) VALUES ('1902', '190252', 'CHINCHIPE');
INSERT INTO enemdu.ciudades (cantones_id_canton, id_ciudad, nombre_ciudad) VALUES ('1902', '190254', 'CHINCHIPE');
INSERT INTO enemdu.ciudades (cantones_id_canton, id_ciudad, nombre_ciudad) VALUES ('1902', '190256', 'CHINCHIPE');
INSERT INTO enemdu.ciudades (cantones_id_canton, id_ciudad, nombre_ciudad) VALUES ('1902', '190259', 'CHINCHIPE');
INSERT INTO enemdu.ciudades (cantones_id_canton, id_ciudad, nombre_ciudad) VALUES ('1903', '190350', 'NANGARITZA');
INSERT INTO enemdu.ciudades (cantones_id_canton, id_ciudad, nombre_ciudad) VALUES ('1903', '190351', 'NANGARITZA');
INSERT INTO enemdu.ciudades (cantones_id_canton, id_ciudad, nombre_ciudad) VALUES ('1903', '190352', 'NANGARITZA');
INSERT INTO enemdu.ciudades (cantones_id_canton, id_ciudad, nombre_ciudad) VALUES ('1903', '190353', 'NANGARITZA');
INSERT INTO enemdu.ciudades (cantones_id_canton, id_ciudad, nombre_ciudad) VALUES ('1904', '190450', 'YACUAMBI');
INSERT INTO enemdu.ciudades (cantones_id_canton, id_ciudad, nombre_ciudad) VALUES ('1904', '190451', 'YACUAMBI');
INSERT INTO enemdu.ciudades (cantones_id_canton, id_ciudad, nombre_ciudad) VALUES ('1904', '190452', 'YACUAMBI');
INSERT INTO enemdu.ciudades (cantones_id_canton, id_ciudad, nombre_ciudad) VALUES ('1905', '190550', 'YANTZAZA');
INSERT INTO enemdu.ciudades (cantones_id_canton, id_ciudad, nombre_ciudad) VALUES ('1905', '190551', 'YANTZAZA');
INSERT INTO enemdu.ciudades (cantones_id_canton, id_ciudad, nombre_ciudad) VALUES ('1905', '190553', 'YANTZAZA');
INSERT INTO enemdu.ciudades (cantones_id_canton, id_ciudad, nombre_ciudad) VALUES ('1906', '190650', 'EL PANGUI');
INSERT INTO enemdu.ciudades (cantones_id_canton, id_ciudad, nombre_ciudad) VALUES ('1906', '190651', 'EL PANGUI');
INSERT INTO enemdu.ciudades (cantones_id_canton, id_ciudad, nombre_ciudad) VALUES ('1906', '190652', 'EL PANGUI');
INSERT INTO enemdu.ciudades (cantones_id_canton, id_ciudad, nombre_ciudad) VALUES ('1906', '190653', 'EL PANGUI');
INSERT INTO enemdu.ciudades (cantones_id_canton, id_ciudad, nombre_ciudad) VALUES ('1907', '190750', 'CENTINELA DEL CÓNDOR');
INSERT INTO enemdu.ciudades (cantones_id_canton, id_ciudad, nombre_ciudad) VALUES ('1907', '190752', 'CENTINELA DEL CÓNDOR');
INSERT INTO enemdu.ciudades (cantones_id_canton, id_ciudad, nombre_ciudad) VALUES ('1907', '190753', 'CENTINELA DEL CÓNDOR');
INSERT INTO enemdu.ciudades (cantones_id_canton, id_ciudad, nombre_ciudad) VALUES ('1908', '190850', 'PALANDA');
INSERT INTO enemdu.ciudades (cantones_id_canton, id_ciudad, nombre_ciudad) VALUES ('1908', '190851', 'PALANDA');
INSERT INTO enemdu.ciudades (cantones_id_canton, id_ciudad, nombre_ciudad) VALUES ('1908', '190852', 'PALANDA');
INSERT INTO enemdu.ciudades (cantones_id_canton, id_ciudad, nombre_ciudad) VALUES ('1908', '190853', 'PALANDA');
INSERT INTO enemdu.ciudades (cantones_id_canton, id_ciudad, nombre_ciudad) VALUES ('1908', '190854', 'PALANDA');
INSERT INTO enemdu.ciudades (cantones_id_canton, id_ciudad, nombre_ciudad) VALUES ('1909', '190950', 'PAQUISHA');
INSERT INTO enemdu.ciudades (cantones_id_canton, id_ciudad, nombre_ciudad) VALUES ('1909', '190951', 'PAQUISHA');
INSERT INTO enemdu.ciudades (cantones_id_canton, id_ciudad, nombre_ciudad) VALUES ('1909', '190952', 'PAQUISHA');
INSERT INTO enemdu.ciudades (cantones_id_canton, id_ciudad, nombre_ciudad) VALUES ('2001', '200150', 'SAN CRISTÓBAL');
INSERT INTO enemdu.ciudades (cantones_id_canton, id_ciudad, nombre_ciudad) VALUES ('2001', '200151', 'SAN CRISTÓBAL');
INSERT INTO enemdu.ciudades (cantones_id_canton, id_ciudad, nombre_ciudad) VALUES ('2001', '200152', 'SAN CRISTÓBAL');
INSERT INTO enemdu.ciudades (cantones_id_canton, id_ciudad, nombre_ciudad) VALUES ('2002', '200250', 'ISABELA');
INSERT INTO enemdu.ciudades (cantones_id_canton, id_ciudad, nombre_ciudad) VALUES ('2002', '200251', 'ISABELA');
INSERT INTO enemdu.ciudades (cantones_id_canton, id_ciudad, nombre_ciudad) VALUES ('2003', '200350', 'SANTA CRUZ');
INSERT INTO enemdu.ciudades (cantones_id_canton, id_ciudad, nombre_ciudad) VALUES ('2003', '200351', 'SANTA CRUZ');
INSERT INTO enemdu.ciudades (cantones_id_canton, id_ciudad, nombre_ciudad) VALUES ('2003', '200352', 'SANTA CRUZ');
INSERT INTO enemdu.ciudades (cantones_id_canton, id_ciudad, nombre_ciudad) VALUES ('2101', '210150', 'LAGO AGRIO');
INSERT INTO enemdu.ciudades (cantones_id_canton, id_ciudad, nombre_ciudad) VALUES ('2101', '210152', 'LAGO AGRIO');
INSERT INTO enemdu.ciudades (cantones_id_canton, id_ciudad, nombre_ciudad) VALUES ('2101', '210153', 'LAGO AGRIO');
INSERT INTO enemdu.ciudades (cantones_id_canton, id_ciudad, nombre_ciudad) VALUES ('2101', '210155', 'LAGO AGRIO');
INSERT INTO enemdu.ciudades (cantones_id_canton, id_ciudad, nombre_ciudad) VALUES ('2101', '210156', 'LAGO AGRIO');
INSERT INTO enemdu.ciudades (cantones_id_canton, id_ciudad, nombre_ciudad) VALUES ('2101', '210157', 'LAGO AGRIO');
INSERT INTO enemdu.ciudades (cantones_id_canton, id_ciudad, nombre_ciudad) VALUES ('2101', '210158', 'LAGO AGRIO');
INSERT INTO enemdu.ciudades (cantones_id_canton, id_ciudad, nombre_ciudad) VALUES ('2101', '210160', 'LAGO AGRIO');
INSERT INTO enemdu.ciudades (cantones_id_canton, id_ciudad, nombre_ciudad) VALUES ('2102', '210250', 'GONZALO PIZARRO');
INSERT INTO enemdu.ciudades (cantones_id_canton, id_ciudad, nombre_ciudad) VALUES ('2102', '210251', 'GONZALO PIZARRO');
INSERT INTO enemdu.ciudades (cantones_id_canton, id_ciudad, nombre_ciudad) VALUES ('2102', '210252', 'GONZALO PIZARRO');
INSERT INTO enemdu.ciudades (cantones_id_canton, id_ciudad, nombre_ciudad) VALUES ('2102', '210254', 'GONZALO PIZARRO');
INSERT INTO enemdu.ciudades (cantones_id_canton, id_ciudad, nombre_ciudad) VALUES ('2103', '210350', 'PUTUMAYO');
INSERT INTO enemdu.ciudades (cantones_id_canton, id_ciudad, nombre_ciudad) VALUES ('2103', '210351', 'PUTUMAYO');
INSERT INTO enemdu.ciudades (cantones_id_canton, id_ciudad, nombre_ciudad) VALUES ('2103', '210352', 'PUTUMAYO');
INSERT INTO enemdu.ciudades (cantones_id_canton, id_ciudad, nombre_ciudad) VALUES ('2103', '210353', 'PUTUMAYO');
INSERT INTO enemdu.ciudades (cantones_id_canton, id_ciudad, nombre_ciudad) VALUES ('2103', '210354', 'PUTUMAYO');
INSERT INTO enemdu.ciudades (cantones_id_canton, id_ciudad, nombre_ciudad) VALUES ('2103', '210355', 'PUTUMAYO');
INSERT INTO enemdu.ciudades (cantones_id_canton, id_ciudad, nombre_ciudad) VALUES ('2104', '210450', 'SHUSHUFINDI');
INSERT INTO enemdu.ciudades (cantones_id_canton, id_ciudad, nombre_ciudad) VALUES ('2104', '210451', 'SHUSHUFINDI');
INSERT INTO enemdu.ciudades (cantones_id_canton, id_ciudad, nombre_ciudad) VALUES ('2104', '210452', 'SHUSHUFINDI');
INSERT INTO enemdu.ciudades (cantones_id_canton, id_ciudad, nombre_ciudad) VALUES ('2104', '210453', 'SHUSHUFINDI');
INSERT INTO enemdu.ciudades (cantones_id_canton, id_ciudad, nombre_ciudad) VALUES ('2104', '210454', 'SHUSHUFINDI');
INSERT INTO enemdu.ciudades (cantones_id_canton, id_ciudad, nombre_ciudad) VALUES ('2104', '210455', 'SHUSHUFINDI');
INSERT INTO enemdu.ciudades (cantones_id_canton, id_ciudad, nombre_ciudad) VALUES ('2105', '210550', 'SUCUMBÍOS');
INSERT INTO enemdu.ciudades (cantones_id_canton, id_ciudad, nombre_ciudad) VALUES ('2105', '210551', 'SUCUMBÍOS');
INSERT INTO enemdu.ciudades (cantones_id_canton, id_ciudad, nombre_ciudad) VALUES ('2105', '210552', 'SUCUMBÍOS');
INSERT INTO enemdu.ciudades (cantones_id_canton, id_ciudad, nombre_ciudad) VALUES ('2105', '210553', 'SUCUMBÍOS');
INSERT INTO enemdu.ciudades (cantones_id_canton, id_ciudad, nombre_ciudad) VALUES ('2105', '210554', 'SUCUMBÍOS');
INSERT INTO enemdu.ciudades (cantones_id_canton, id_ciudad, nombre_ciudad) VALUES ('2106', '210650', 'CASCALES');
INSERT INTO enemdu.ciudades (cantones_id_canton, id_ciudad, nombre_ciudad) VALUES ('2106', '210651', 'CASCALES');
INSERT INTO enemdu.ciudades (cantones_id_canton, id_ciudad, nombre_ciudad) VALUES ('2106', '210652', 'CASCALES');
INSERT INTO enemdu.ciudades (cantones_id_canton, id_ciudad, nombre_ciudad) VALUES ('2106', '210653', 'CASCALES');
INSERT INTO enemdu.ciudades (cantones_id_canton, id_ciudad, nombre_ciudad) VALUES ('2107', '210750', 'CUYABENO');
INSERT INTO enemdu.ciudades (cantones_id_canton, id_ciudad, nombre_ciudad) VALUES ('2107', '210751', 'CUYABENO');
INSERT INTO enemdu.ciudades (cantones_id_canton, id_ciudad, nombre_ciudad) VALUES ('2107', '210752', 'CUYABENO');
INSERT INTO enemdu.ciudades (cantones_id_canton, id_ciudad, nombre_ciudad) VALUES ('2201', '220150', 'FRANCISCO DE ORELLANA');
INSERT INTO enemdu.ciudades (cantones_id_canton, id_ciudad, nombre_ciudad) VALUES ('2201', '220151', 'FRANCISCO DE ORELLANA');
INSERT INTO enemdu.ciudades (cantones_id_canton, id_ciudad, nombre_ciudad) VALUES ('2201', '220152', 'FRANCISCO DE ORELLANA');
INSERT INTO enemdu.ciudades (cantones_id_canton, id_ciudad, nombre_ciudad) VALUES ('2201', '220153', 'FRANCISCO DE ORELLANA');
INSERT INTO enemdu.ciudades (cantones_id_canton, id_ciudad, nombre_ciudad) VALUES ('2201', '220154', 'FRANCISCO DE ORELLANA');
INSERT INTO enemdu.ciudades (cantones_id_canton, id_ciudad, nombre_ciudad) VALUES ('2201', '220155', 'FRANCISCO DE ORELLANA');
INSERT INTO enemdu.ciudades (cantones_id_canton, id_ciudad, nombre_ciudad) VALUES ('2201', '220156', 'FRANCISCO DE ORELLANA');
INSERT INTO enemdu.ciudades (cantones_id_canton, id_ciudad, nombre_ciudad) VALUES ('2201', '220157', 'FRANCISCO DE ORELLANA');
INSERT INTO enemdu.ciudades (cantones_id_canton, id_ciudad, nombre_ciudad) VALUES ('2201', '220158', 'FRANCISCO DE ORELLANA');
INSERT INTO enemdu.ciudades (cantones_id_canton, id_ciudad, nombre_ciudad) VALUES ('2201', '220159', 'FRANCISCO DE ORELLANA');
INSERT INTO enemdu.ciudades (cantones_id_canton, id_ciudad, nombre_ciudad) VALUES ('2201', '220160', 'FRANCISCO DE ORELLANA');
INSERT INTO enemdu.ciudades (cantones_id_canton, id_ciudad, nombre_ciudad) VALUES ('2201', '220161', 'FRANCISCO DE ORELLANA');
INSERT INTO enemdu.ciudades (cantones_id_canton, id_ciudad, nombre_ciudad) VALUES ('2202', '220250', 'AGUARICO');
INSERT INTO enemdu.ciudades (cantones_id_canton, id_ciudad, nombre_ciudad) VALUES ('2202', '220251', 'AGUARICO');
INSERT INTO enemdu.ciudades (cantones_id_canton, id_ciudad, nombre_ciudad) VALUES ('2202', '220252', 'AGUARICO');
INSERT INTO enemdu.ciudades (cantones_id_canton, id_ciudad, nombre_ciudad) VALUES ('2202', '220253', 'AGUARICO');
INSERT INTO enemdu.ciudades (cantones_id_canton, id_ciudad, nombre_ciudad) VALUES ('2202', '220255', 'AGUARICO');
INSERT INTO enemdu.ciudades (cantones_id_canton, id_ciudad, nombre_ciudad) VALUES ('2203', '220350', 'LA JOYA DE LOS SACHAS');
INSERT INTO enemdu.ciudades (cantones_id_canton, id_ciudad, nombre_ciudad) VALUES ('2203', '220351', 'LA JOYA DE LOS SACHAS');
INSERT INTO enemdu.ciudades (cantones_id_canton, id_ciudad, nombre_ciudad) VALUES ('2203', '220352', 'LA JOYA DE LOS SACHAS');
INSERT INTO enemdu.ciudades (cantones_id_canton, id_ciudad, nombre_ciudad) VALUES ('2203', '220353', 'LA JOYA DE LOS SACHAS');
INSERT INTO enemdu.ciudades (cantones_id_canton, id_ciudad, nombre_ciudad) VALUES ('2203', '220354', 'LA JOYA DE LOS SACHAS');
INSERT INTO enemdu.ciudades (cantones_id_canton, id_ciudad, nombre_ciudad) VALUES ('2203', '220355', 'LA JOYA DE LOS SACHAS');
INSERT INTO enemdu.ciudades (cantones_id_canton, id_ciudad, nombre_ciudad) VALUES ('2203', '220356', 'LA JOYA DE LOS SACHAS');
INSERT INTO enemdu.ciudades (cantones_id_canton, id_ciudad, nombre_ciudad) VALUES ('2203', '220357', 'LA JOYA DE LOS SACHAS');
INSERT INTO enemdu.ciudades (cantones_id_canton, id_ciudad, nombre_ciudad) VALUES ('2203', '220358', 'LA JOYA DE LOS SACHAS');
INSERT INTO enemdu.ciudades (cantones_id_canton, id_ciudad, nombre_ciudad) VALUES ('2204', '220450', 'LORETO');
INSERT INTO enemdu.ciudades (cantones_id_canton, id_ciudad, nombre_ciudad) VALUES ('2204', '220451', 'LORETO');
INSERT INTO enemdu.ciudades (cantones_id_canton, id_ciudad, nombre_ciudad) VALUES ('2204', '220452', 'LORETO');
INSERT INTO enemdu.ciudades (cantones_id_canton, id_ciudad, nombre_ciudad) VALUES ('2204', '220453', 'LORETO');
INSERT INTO enemdu.ciudades (cantones_id_canton, id_ciudad, nombre_ciudad) VALUES ('2204', '220454', 'LORETO');
INSERT INTO enemdu.ciudades (cantones_id_canton, id_ciudad, nombre_ciudad) VALUES ('2204', '220455', 'LORETO');
INSERT INTO enemdu.ciudades (cantones_id_canton, id_ciudad, nombre_ciudad) VALUES ('2301', '230150', 'SANTO DOMINGO');
INSERT INTO enemdu.ciudades (cantones_id_canton, id_ciudad, nombre_ciudad) VALUES ('2301', '230151', 'SANTO DOMINGO');
INSERT INTO enemdu.ciudades (cantones_id_canton, id_ciudad, nombre_ciudad) VALUES ('2301', '230152', 'SANTO DOMINGO');
INSERT INTO enemdu.ciudades (cantones_id_canton, id_ciudad, nombre_ciudad) VALUES ('2301', '230153', 'SANTO DOMINGO');
INSERT INTO enemdu.ciudades (cantones_id_canton, id_ciudad, nombre_ciudad) VALUES ('2301', '230154', 'SANTO DOMINGO');
INSERT INTO enemdu.ciudades (cantones_id_canton, id_ciudad, nombre_ciudad) VALUES ('2301', '230155', 'SANTO DOMINGO');
INSERT INTO enemdu.ciudades (cantones_id_canton, id_ciudad, nombre_ciudad) VALUES ('2301', '230156', 'SANTO DOMINGO');
INSERT INTO enemdu.ciudades (cantones_id_canton, id_ciudad, nombre_ciudad) VALUES ('2301', '230157', 'SANTO DOMINGO');
INSERT INTO enemdu.ciudades (cantones_id_canton, id_ciudad, nombre_ciudad) VALUES ('2302', '230250', 'LA CONCORDIA');
INSERT INTO enemdu.ciudades (cantones_id_canton, id_ciudad, nombre_ciudad) VALUES ('2302', '230251', 'LA CONCORDIA');
INSERT INTO enemdu.ciudades (cantones_id_canton, id_ciudad, nombre_ciudad) VALUES ('2302', '230252', 'LA CONCORDIA');
INSERT INTO enemdu.ciudades (cantones_id_canton, id_ciudad, nombre_ciudad) VALUES ('2302', '230253', 'LA CONCORDIA');
INSERT INTO enemdu.ciudades (cantones_id_canton, id_ciudad, nombre_ciudad) VALUES ('2401', '240150', 'SANTA ELENA');
INSERT INTO enemdu.ciudades (cantones_id_canton, id_ciudad, nombre_ciudad) VALUES ('2401', '240151', 'SANTA ELENA');
INSERT INTO enemdu.ciudades (cantones_id_canton, id_ciudad, nombre_ciudad) VALUES ('2401', '240152', 'SANTA ELENA');
INSERT INTO enemdu.ciudades (cantones_id_canton, id_ciudad, nombre_ciudad) VALUES ('2401', '240153', 'SANTA ELENA');
INSERT INTO enemdu.ciudades (cantones_id_canton, id_ciudad, nombre_ciudad) VALUES ('2401', '240154', 'SANTA ELENA');
INSERT INTO enemdu.ciudades (cantones_id_canton, id_ciudad, nombre_ciudad) VALUES ('2401', '240155', 'SANTA ELENA');
INSERT INTO enemdu.ciudades (cantones_id_canton, id_ciudad, nombre_ciudad) VALUES ('2401', '240156', 'SANTA ELENA');
INSERT INTO enemdu.ciudades (cantones_id_canton, id_ciudad, nombre_ciudad) VALUES ('2402', '240250', 'LA LIBERTAD');
INSERT INTO enemdu.ciudades (cantones_id_canton, id_ciudad, nombre_ciudad) VALUES ('2403', '240350', 'SALINAS');
INSERT INTO enemdu.ciudades (cantones_id_canton, id_ciudad, nombre_ciudad) VALUES ('2403', '240351', 'SALINAS');
INSERT INTO enemdu.ciudades (cantones_id_canton, id_ciudad, nombre_ciudad) VALUES ('2403', '240352', 'SALINAS');
INSERT INTO enemdu.ciudades VALUES ('0115','011551','El Carmen Del Pijilí');
INSERT INTO enemdu.ciudades VALUES ('1003','100300','Ciudad Fantasma');
INSERT INTO enemdu.ciudades VALUES ('1304','130400','La Magdalena');
INSERT INTO enemdu.ciudades VALUES ('2302','230200','Guayaquil');

-- INSERT TABLA PAREDES

INSERT INTO enemdu.paredes (id_pared, tipo_pared)
SELECT DISTINCT tipo_paredes,
  CASE
      WHEN tipo_paredes = 1 THEN 'Hormigón/Ladrillo o Bloque'
      WHEN tipo_paredes = 2 THEN 'Asbesto/Cemento (Fibrolit)'
      WHEN tipo_paredes = 3 THEN 'Adobe o Tapia'
      WHEN tipo_paredes = 4 THEN 'Madera'
      WHEN tipo_paredes = 5 THEN 'Caña revestida o bahareque'
      WHEN tipo_paredes = 6 THEN 'Caña no revestida o estera'

    ELSE 'Otro Material'
  END
FROM enemdu.enemdu_vivienda_hogar ;

-- INSERT TABLA TECHOS

INSERT INTO enemdu.techos (id_techo, tipo_techo)
SELECT DISTINCT tipo_techo,
  CASE
      WHEN tipo_techo = 1 THEN 'Hormigón (losa, cemento)'
      WHEN tipo_techo = 2 THEN 'Fibrocemento,asbesto (eternit, eurolit)'
      WHEN tipo_techo = 3 THEN 'Zinc, Aluminio'
      WHEN tipo_techo = 4 THEN 'Teja'
      WHEN tipo_techo = 5 THEN 'Palma, paja u hoja'
    ELSE 'otro material'
  END
FROM enemdu.enemdu_vivienda_hogar;

-- INSERT TABLA PISOS

INSERT INTO enemdu.pisos (id_piso, tipo_piso)
SELECT DISTINCT tipo_piso,
  CASE
      WHEN tipo_piso = 1 THEN 'Duela, parquet, tablón tratado o piso flotante'
      WHEN tipo_piso = 2 THEN 'Cerámica, baldosa, vinil o porcelanato'
      WHEN tipo_piso = 3 THEN 'Mármol o marmetón'
      WHEN tipo_piso = 4 THEN 'Ladrillo o cemento'
      WHEN tipo_piso = 5 THEN 'Tabla / tablón no tratado'
      WHEN tipo_piso = 6 THEN 'Caña'
      WHEN tipo_piso = 7 THEN 'Tierra'
    ELSE 'otro material'
  END
FROM enemdu.enemdu_vivienda_hogar;

-- INSERT TABLA VIAS_ACCESO

INSERT INTO enemdu.vias_acceso (id_viaAcceso, tipo_viaAcceso)
SELECT DISTINCT via_acceso,
  CASE
      WHEN via_acceso = 1 THEN 'Carretera, calle pavimentada'
      WHEN via_acceso = 2 THEN 'Empedrado'
      WHEN via_acceso = 3 THEN 'Lastrado, calle de tierra'
      WHEN via_acceso = 4 THEN 'Sendero'
      WHEN via_acceso = 5 THEN 'Río, mar'
    ELSE 'Otro'
  END
FROM enemdu.enemdu_vivienda_hogar;

-- INSERT TABLA TIPOS_VIVIENDA

INSERT INTO enemdu.tipos_vivienda (id_tipo_vivienda, tipo_vivienda)
SELECT DISTINCT tipo_vivienda,
  CASE
      WHEN tipo_vivienda = 1 THEN 'Casa o villa'
      WHEN tipo_vivienda = 2 THEN 'Departamento'
      WHEN tipo_vivienda = 3 THEN 'Cuartos en casa de inquilinato'
      WHEN tipo_vivienda = 4 THEN 'Mediagua'
      WHEN tipo_vivienda = 5 THEN 'Rancho, covacha'
      WHEN tipo_vivienda = 6 THEN 'Choza'
    ELSE 'Otra'
  END
FROM enemdu.enemdu_vivienda_hogar;

-- INSERT TABLA TENENCIA_VIVIENDA

INSERT INTO enemdu.tenencia_vivienda (id_tenencia_vivienda, tipo_tenencia)
SELECT DISTINCT tipo_tenencia_vivienda,
  CASE
      WHEN tipo_tenencia_vivienda = 1 THEN 'En arriendo'
      WHEN tipo_tenencia_vivienda = 2 THEN 'Anticresis y/o arriendo'
      WHEN tipo_tenencia_vivienda = 3 THEN 'Propia y la está pagando'
      WHEN tipo_tenencia_vivienda = 4 THEN 'Propia y totalmente pagada'
      WHEN tipo_tenencia_vivienda = 5 THEN 'Cedida'
      WHEN tipo_tenencia_vivienda = 6 THEN 'Recibida por servicios'
    ELSE 'Otra'
  END
FROM enemdu.enemdu_vivienda_hogar;

-- INSERT TABLA MATERIALES_COCINAR

INSERT INTO enemdu.materiales_cocinar (id_material, tipo_material)
SELECT DISTINCT materiales_cocinar,
  CASE
      WHEN materiales_cocinar = 1 THEN 'Gas'
      WHEN materiales_cocinar = 2 THEN 'Leña, carbón'
      WHEN materiales_cocinar = 3 THEN 'Electricidad'
    ELSE 'Otro'
  END
FROM enemdu.enemdu_vivienda_hogar;

-- INSERT TABLA DUCHAS

INSERT INTO enemdu.duchas (id_ducha, tipo_ducha)
SELECT DISTINCT tipo_ducha,
  CASE
      WHEN tipo_ducha = 1 THEN 'Exclusivo del hogar'
      WHEN tipo_ducha = 2 THEN 'Compartido con otros hogares'
    ELSE 'No tiene'
  END
FROM enemdu.enemdu_vivienda_hogar;

-- INSERT TABLA ELIMINACION_BASURA

INSERT INTO enemdu.eliminacion_basura (id_eliminacion_basura, tipo_eliminacion)
SELECT DISTINCT eliminacion_basura,
  CASE
      WHEN eliminacion_basura = 1 THEN 'Contratan el servicio'
      WHEN eliminacion_basura = 2 THEN 'Servicio municipal'
      WHEN eliminacion_basura = 3 THEN 'Botan a la calle, quebrada, rio'
      WHEN eliminacion_basura = 4 THEN 'La queman, entierran'
    ELSE 'Otro'
  END
FROM enemdu.enemdu_vivienda_hogar;

-- INSERT TABLA ALUMBRADOS

INSERT INTO enemdu.alumbrados (id_alumbrado, tipo_alumbrado)
SELECT DISTINCT tipo_alumbrado,
  CASE
      WHEN tipo_alumbrado = 1 THEN 'Empresa electrica publica'
      WHEN tipo_alumbrado = 2 THEN 'Planta electrica privada'
      WHEN tipo_alumbrado = 3 THEN 'Vela, candil, mechero, gas'
    ELSE 'Ninguno'
  END
FROM enemdu.enemdu_vivienda_hogar;

-- INSERT TABLA ORIGEN_AGUA

INSERT INTO enemdu.origen_agua (id_origen_agua, tipo_origen_agua)
SELECT DISTINCT origen_agua,
  CASE
      WHEN origen_agua = 1 THEN 'Red pública'
      WHEN origen_agua = 2 THEN 'Pila o llave pública'
      WHEN origen_agua = 3 THEN 'Otra fuente por tubería'
      WHEN origen_agua = 4 THEN 'Carro repartidor, triciclo'
      WHEN origen_agua = 5 THEN 'Pozo'
      WHEN origen_agua = 6 THEN 'Río, vertiente, acequia'
    ELSE 'Otro'
  END
FROM enemdu.enemdu_vivienda_hogar;

-- INSERT TABLA CANALES_AGUA

INSERT INTO enemdu.canales_agua (id_canal, tipo_canal)
SELECT DISTINCT recepcion_agua,
  CASE
      WHEN recepcion_agua = 1 THEN 'Por tuberia dentro de la vivienda'
      WHEN recepcion_agua = 2 THEN 'Por tuberia fuera de la vivienda pero en el lote'
      WHEN recepcion_agua = 3 THEN 'Por tuberia fuera de la vivienda, lote o terreno'
    ELSE 'No recibe agua por uberia sino por otros medios'
  END
FROM enemdu.enemdu_vivienda_hogar;

-- INSERT TABAL REEMPLAZO_SERVICIO_HIGIENICO  ERROR

INSERT INTO enemdu.remplazo_servicio_higienico (id_remplazoSH, tipo_servicio)
SELECT DISTINCT no_servicio_higienco,
  CASE
      WHEN no_servicio_higienco = 1 THEN 'Descarga directa al mar, río, lago o quebrada'
      WHEN no_servicio_higienco = 2 THEN 'Van al monte, campo, bota la basura en paquete'
    ELSE 'Usan una instalación sanitaria cercana y/o prestada'
  END
FROM enemdu.enemdu_vivienda_hogar
WHERE no_servicio_higienco <> ' ';

-- INSERT TABLA SERVICIOS_HIGIENICOS

INSERT INTO enemdu.servicios_higienicos (id_servicios_higienicos, tipo_servicio)
SELECT DISTINCT tipo_servicio_higienico,
  CASE
      WHEN tipo_servicio_higienico = 1 THEN 'Excusado y alcantarillado'
      WHEN tipo_servicio_higienico = 2 THEN 'Excusado y pozo séptico'
      WHEN tipo_servicio_higienico = 3 THEN 'Excusado y pozo ciego'
      WHEN tipo_servicio_higienico = 4 THEN 'Letrina'
    ELSE 'No tiene'
  END
FROM enemdu.enemdu_vivienda_hogar;

-- INSERT TABLA SERVICIO_HIGIENICO_PRESTADO

INSERT INTO enemdu.servicio_higienico_prestado (id_prestamos, tipo_servicio)
SELECT DISTINCT tipo_instalacion_sanitaria_cp,
  CASE
      WHEN tipo_instalacion_sanitaria_cp = 1 THEN 'Excusado y alcantarillado'
      WHEN tipo_instalacion_sanitaria_cp = 2 THEN 'Excusado y pozo séptico'
      WHEN tipo_instalacion_sanitaria_cp = 3 THEN 'Excusado y pozo ciego'
    ELSE 'letrina'
  END
FROM enemdu.enemdu_vivienda_hogar
WHERE tipo_instalacion_sanitaria_cp <> ' ';

-- INSERT TABLA COMBUSTIBLES

INSERT INTO enemdu.combustibles VALUES (1,'Gasolina Super'),(2,'Gasolina Extra'),(3,'Diésel'),
                                       (4,'Gasolina Ecopaís'),(5,'Electricidad'),(6,'Gas');

-- INSERT TABLA VEHICULOS

INSERT INTO enemdu.vehiculos VALUES (1,'Carro'),(2,'Moto');

-- ALTERACION VALORES DE CIUDAD TABLA ENEMDU_VIVIENDA_HOGAR

UPDATE enemdu.enemdu_vivienda_hogar
  SET ciudad = CONCAT('0',ciudad)
  WHERE LENGTH(ciudad) = 5;

-- ALTERACION VALORES DE ID_CIUDAD TABLA CIUDADES

UPDATE enemdu.ciudades
  SET id_ciudad = CONCAT('0',id_ciudad)
  WHERE LENGTH(id_ciudad) = 5;

-- ALTERACION COLUMNA FEXP TABLA ENEMDU_VIVIENDA_HOGAR

UPDATE enemdu.enemdu_vivienda_hogar
SET fexp = REPLACE(fexp, ',', '.');

-- INSERT TABLA VIVIENDAS

INSERT IGNORE INTO enemdu.viviendas (id_vivienda,id_viaAcceso,id_pared,estado_pared,id_tipo_vivienda,id_techo,estado_techo,
                                     id_piso,estado_piso,tipo_tenencia_vivienda,parentezco_propietario_viv,ubicacion_ciudad,area,conglomerado,panelm,num_vivienda,
                                     estrato,fexp,upm,periodo,mes)
SELECT e.id_vivienda, e.via_acceso, e.tipo_paredes,
       CASE
           WHEN e.estado_paredes = 1 THEN 'Bueno'
           WHEN e.estado_paredes = 2 THEN 'Regular'
       ELSE 'Malo'
       END,
      e.tipo_vivienda,e.tipo_techo,
      CASE
           WHEN e.estado_techo = 1 THEN 'Bueno'
           WHEN e.estado_techo = 2 THEN 'Regular'
       ELSE 'Malo'
       END,
      e.tipo_piso,
      CASE
           WHEN e.estado_piso = 1 THEN 'Bueno'
           WHEN e.estado_piso = 2 THEN 'Regular'
       ELSE 'Malo'
       END,
      e.tipo_tenencia_vivienda,
      CASE
           WHEN e.parentesco_propietario_vivienda = 1 THEN 'Si'
           WHEN e.parentesco_propietario_vivienda = ' ' THEN NULL
       ELSE 'No'
       END,
      e.ciudad,
      CASE
           WHEN e.area = 1 THEN 'Urbano'
       ELSE 'Rural'
       END,
      e.conglomerado,e.panelm,e.vivienda,e.estrato,e.fexp,e.upm,e.periodo,e.mes
       FROM enemdu.enemdu_vivienda_hogar e;

-- INSERT TABLA HOGARES

INSERT INTO enemdu.hogares (id_hogar, id_vivienda,num_hogar, material_cocinar, cuartos, dormitorios, cuartos_cocina,
                            cuartos_negocio)
SELECT id_hogar,id_vivienda,hogar,materiales_cocinar,numero_cuartos,numero_dormitorios,numero_cuartos_cocinar,
       numero_cuartos_negocio
FROM enemdu.enemdu_vivienda_hogar;

-- INSERT TABLA REGISTRO_VEHICULOS

INSERT INTO enemdu.registro_vehiculos (id_hogar, id_vehiculo, cantidad)
SELECT id_hogar,1,numero_vehiculos
    FROM enemdu.enemdu_vivienda_hogar WHERE tenencia_vehiculo = 1;

INSERT INTO enemdu.registro_vehiculos (id_hogar, id_vehiculo, cantidad)
SELECT id_hogar,2,numero_motos
    FROM enemdu.enemdu_vivienda_hogar WHERE tenencia_motos = 1;

-- INSERT TABLA REGISTRO_CONSUMO_COMBUSTIBLES

INSERT INTO enemdu.registro_consumo_combustibles (id_hogar, id_combustible, valor)
SELECT id_hogar,1,gasto_super
    FROM enemdu.enemdu_vivienda_hogar WHERE abastecimiento_super = 1;

INSERT INTO enemdu.registro_consumo_combustibles (id_hogar, id_combustible, valor)
SELECT id_hogar,2,gasto_extra
    FROM enemdu.enemdu_vivienda_hogar WHERE abastecimiento_extra = 1;

INSERT INTO enemdu.registro_consumo_combustibles (id_hogar, id_combustible, valor)
SELECT id_hogar,3,gasto_diesel
    FROM enemdu.enemdu_vivienda_hogar WHERE abastecimiento_diesel = 1;

INSERT INTO enemdu.registro_consumo_combustibles (id_hogar, id_combustible, valor)
SELECT id_hogar,4,gasto_ecopais
    FROM enemdu.enemdu_vivienda_hogar WHERE abastecimiento_ecopais = 1;

INSERT INTO enemdu.registro_consumo_combustibles (id_hogar, id_combustible, valor)
SELECT id_hogar,5,gasto_electricidad
    FROM enemdu.enemdu_vivienda_hogar WHERE abastecimiento_electricidad = 1;

INSERT INTO enemdu.registro_consumo_combustibles (id_hogar, id_combustible, valor)
SELECT id_hogar,6,gasto_gas
    FROM enemdu.enemdu_vivienda_hogar WHERE abastecimiento_gas = 1;

-- INSERT TABLA ARRIENDOS

INSERT INTO enemdu.arriendos (id_hogar, valor, incluye_agua, incluye_luz)
SELECT id_hogar,valor_arriendo,
       CASE
           WHEN inclusion_agua = 1 THEN 'Si'
           WHEN inclusion_agua = ' ' THEN 'No'
            ELSE  'No'
       END,
       CASE
           WHEN inclusion_luz = 1 THEN 'Si'
           WHEN inclusion_luz = ' ' THEN 'No'
            ELSE  'No'
       END
       FROM enemdu.enemdu_vivienda_hogar;

-- INSERT TABLA HIGIENE_HOGARES

INSERT INTO  enemdu.higiene_hogares (id_hogar, id_ducha, junta_agua, id_origen_agua, id_servicios_higienicos,
                                            id_prestamoSH, id_remplazoSH)
SELECT id_hogar, tipo_ducha,
       CASE
           WHEN junta_agua = 1 THEN 'Si'
           WHEN junta_agua = 2 THEN 'No'
           WHEN junta_agua = ' ' THEN 'No'
       END,
       origen_agua,tipo_servicio_higienico,
       CASE
           WHEN tipo_instalacion_sanitaria_cp = ' ' THEN NULL
           ELSE tipo_instalacion_sanitaria_cp
       END,
       CASE
           WHEN no_servicio_higienco = ' ' THEN NULL
           ELSE no_servicio_higienco
       END
       FROM enemdu.enemdu_vivienda_hogar;

-- INSERT TABLA SERVICIOS_BASICOS

INSERT INTO enemdu.servicios_basicos (id_hogar, medidor_agua, id_eliminacion_basura, id_alumbrado, id_canal_agua)
SELECT id_hogar,
       CASE
           WHEN tiene_medidor = ' ' THEN 'No'
           WHEN tiene_medidor = 1 THEN 'Si'
           WHEN tiene_medidor = 2 THEN 'No'
       END,
       eliminacion_basura,tipo_alumbrado,recepcion_agua
    FROM enemdu.enemdu_vivienda_hogar;

-- CREACION DEL USUARIO

DROP  USER IF EXISTS 'user777'@'localhost';
CREATE USER 'user777'@'localhost' IDENTIFIED BY 'contrasenia';

GRANT SELECT, INSERT, UPDATE, DELETE ON enemdu.* TO 'user777'@'localhost';

FLUSH PRIVILEGES;

SELECT * FROM enemdu_vivienda_hogar WHERE id_vivienda = '0101500425010410402';

SELECT v.area ,p.nombre_provincia AS 'nombre_provincia',p.poblacion_total AS 'poblacion_total_provincia',
       p.poblacion_mujeres AS 'poblacion_provincia_mujeres',p.poblacion_hombres AS 'poblacion_provincia_hombres',
       p.internet_hogares AS 'internet_hogares_provincia',p.PEA AS 'pea_provincia', p.PEI AS 'pei_provincia',
       p.media_ingresos_laboral AS 'media_ingresos_laboral_provinvia',ca.nombre_canton AS 'nombre_canton',
       v.ubicacion_ciudad, v.conglomerado, v.panelm, v.num_vivienda,ho.num_hogar,via.tipo_viaAcceso,tv.tipo_vivienda,
       te.tipo_techo, v.estado_techo, pi.tipo_piso, v.estado_piso, pa.tipo_pared, v.estado_pared, ho.cuartos AS 'numero_cuartos',
       ho.dormitorios AS 'numero_dormitorios', ho.cuartos_negocio, ho.cuartos_cocina, ho.material_cocinar,
       hig.id_servicios_higienicos AS 'tipo_servicio_higienico', hig.id_remplazoSH AS 'no_servicio_higienico',
       hig.id_prestamoSH AS 'tipo_instalacion_sanitaria_prestada', oa.tipo_origen_agua, se.medidor_agua, hig.junta_agua,
       can.tipo_canal, du.tipo_ducha, al.tipo_alumbrado, eb.tipo_eliminacion, tv2.tipo_tenencia, ar.valor, ar.incluye_agua,
       ar.incluye_luz, v.parentezco_propietario_viv, CASE WHEN reg.id_vehiculo = 1 AND reg.id_hogar = ho.id_hogar THEN reg.cantidad END AS 'numero_carros',
       CASE WHEN reg.id_vehiculo = 2 AND reg.id_hogar = ho.id_hogar THEN reg.cantidad END AS 'numero_motos',
       CASE WHEN com.id_combustible = 1 AND com.id_hogar = ho.id_hogar THEN com.valor END AS 'gasto_super'
FROM viviendas v , tipos_vivienda tv, provincias p, cantones ca, ciudades ci, hogares ho, vias_acceso via, techos te,
     pisos pi, paredes pa, higiene_hogares hig, servicios_basicos se, origen_agua oa, canales_agua can, duchas du,
     alumbrados al, eliminacion_basura eb, tenencia_vivienda tv2, arriendos ar, registro_vehiculos reg, registro_consumo_combustibles com
WHERE v.id_tipo_vivienda = tv.id_tipo_vivienda AND v.ubicacion_ciudad = ci.id_ciudad AND
      ci.cantones_id_canton = ca.id_canton AND ca.id_provincia = p.id_provincia AND
      v.id_vivienda = ho.id_vivienda AND v.id_viaAcceso = via.id_viaAcceso AND v.id_techo = te.id_techo AND
      v.id_piso = pi.id_piso AND v.id_pared = pa.id_pared AND ho.id_hogar = hig.id_hogar AND se.id_hogar = ho.id_hogar
      AND hig.id_origen_agua = oa.id_origen_agua AND can.id_canal = se.id_canal_agua AND du.id_ducha = hig.id_ducha
      AND al.id_alumbrado = se.id_alumbrado AND eb.id_eliminacion_basura = se.id_eliminacion_basura AND
      tv2.id_tenencia_vivienda = v.tipo_tenencia_vivienda AND ar.id_hogar = ho.id_hogar AND reg.id_hogar = ho.id_hogar
      AND com.id_hogar = ho.id_hogar;

USE enemdu;

SELECT v.id_vivienda, va.tipo_viaAcceso, p.tipo_pared, v.estado_pared, ti.tipo_vivienda, t.tipo_techo, v.estado_techo, p2.tipo_piso,
       v.estado_piso, tv.tipo_tenencia, v.parentezco_propietario_viv, v.ubicacion_ciudad, v.area, v.conglomerado,
       v.panelm, v.num_vivienda, v.estrato, v.fexp, v.upm, v.periodo, v.mes, ho.id_hogar, ho.num_hogar, mc.tipo_material,
       ho.cuartos, ho.dormitorios, ho.cuartos_cocina, ho.cuartos_cocina, sb.medidor_agua, eb.tipo_eliminacion, a.tipo_alumbrado,
       ca.tipo_canal, d.tipo_ducha, hh.junta_agua, oa.tipo_origen_agua,shp.tipo_servicio,srh.tipo_servicio,a2.valor,
       a2.incluye_agua,a2.incluye_luz

    FROM viviendas v
        INNER JOIN hogares ho ON v.id_vivienda = ho.id_vivienda
        INNER JOIN  vias_acceso va on v.id_viaAcceso = va.id_viaAcceso
        INNER JOIN paredes p on v.id_pared = p.id_pared
        INNER JOIN tipos_vivienda ti ON v.id_tipo_vivienda = ti.id_tipo_vivienda
        INNER JOIN techos t on v.id_techo = t.id_techo
        INNER JOIN pisos p2 on v.id_piso = p2.id_piso
        INNER JOIN tenencia_vivienda tv on v.tipo_tenencia_vivienda = tv.id_tenencia_vivienda
        INNER JOIN materiales_cocinar mc on ho.material_cocinar = mc.id_material
        INNER JOIN servicios_basicos sb on ho.id_hogar = sb.id_hogar
        INNER JOIN eliminacion_basura eb on sb.id_eliminacion_basura = eb.id_eliminacion_basura
        INNER JOIN alumbrados a on sb.id_alumbrado = a.id_alumbrado
        INNER JOIN canales_agua ca on sb.id_canal_agua = ca.id_canal
        INNER JOIN higiene_hogares hh on ho.id_hogar = hh.id_hogar
        INNER JOIN duchas d on hh.id_ducha = d.id_ducha
        INNER JOIN origen_agua oa on hh.id_origen_agua = oa.id_origen_agua
        INNER JOIN servicios_higienicos sh on hh.id_servicios_higienicos = sh.id_servicios_higienicos
        LEFT JOIN servicio_higienico_prestado shp on hh.id_prestamoSH = shp.id_prestamos
        LEFT JOIN remplazo_servicio_higienico srh on hh.id_remplazoSH = srh.id_remplazoSH
        LEFT JOIN arriendos a2 on ho.id_hogar = a2.id_hogar
        LEFT JOIN registro_vehiculos rv on ho.id_hogar = rv.id_hogar;

SELECT *
    FROM hogares h
        LEFT JOIN registro_vehiculos rv on h.id_hogar = rv.id_hogar

SELECT hv.id_hogar,
       SUM(CASE WHEN v.tipo_vehiculo = 1 THEN rv.cantidad ELSE 0 END) AS cantidad_carros,
       SUM(CASE WHEN v.tipo_vehiculo = 2 THEN rv.cantidad ELSE 0 END) AS cantidad_motos
FROM hogares hv
JOIN registro_vehiculos rv ON hv.id_hogar = rv.id_hogar
JOIN vehiculos v ON rv.id_vehiculo = v.id_vehiculo
GROUP BY hv.id_hogar;